Nom;Sexe;Age;Nation;Continent;Ranking;Kata;Style;Note;N_Tour;Pays_compet;Region_monde;Ceinture;Victoire
Armada_Ruiz_Andrea;F;24;VEN;South_Am;53;Ohan_Dai;Shito;38,3;Pool_1;FRA;West_EUR;R;False
Putri_Aprilia_Krisda;F;25;INA;Est_Asia;34;Ohan_Dai;Shito;38,7;Pool_1;FRA;West_EUR;B;True
Bozan_Dilara;F;27;TUR;Europe;7;Kururunfa;Shito;40,7;Pool_1;FRA;West_EUR;R;True
Minano_Lanyfer;F;20;SUI;Europe;43;Kururunfa;Shito;38,8;Pool_1;FRA;West_EUR;B;False
Putri_Aprilia_Krisda;F;25;INA;Est_Asia;34;Papuren;Shito;38,7;Pool_2;FRA;West_EUR;R;False
Bozan_Dilara;F;27;TUR;Europe;7;Papuren;Shito;39,3;Pool_2;FRA;West_EUR;B;True
Armada_Ruiz_Andrea;F;24;VEN;South_Am;53;Chibana_No_Kushanku;Shito;37,6;Pool_2;FRA;West_EUR;R;False
Minano_Lanyfer;F;20;SUI;Europe;43;Ohan_Dai;Shito;37,6;Pool_2;FRA;West_EUR;B;True
Armada_Ruiz_Andrea;F;24;VEN;South_Am;53;Papuren;Shito;38,9;Pool_3;FRA;West_EUR;R;False
Bozan_Dilara;F;27;TUR;Europe;7;Ohan_Dai;Shito;40,9;Pool_3;FRA;West_EUR;B;True
Putri_Aprilia_Krisda;F;25;INA;Est_Asia;34;Suparinpei;Shito;38,3;Pool_3;FRA;West_EUR;R;False
Minano_Lanyfer;F;20;SUI;Europe;43;Papuren;Shito;39,1;Pool_2;FRA;West_EUR;B;True
Tsiakmaki_Athina;F;16;GRE;Europe;24;Anan_Dai;Shito;37,8;Pool_1;FRA;West_EUR;R;True
Williams_Danni;F;19;ENG;Europe;78;Kururunfa;Shito;37,7;Pool_1;FRA;West_EUR;B;False
Miskova_Veronika;F;31;CZE;Europe;28;Suparinpei;Shito;39,4;Pool_1;FRA;West_EUR;R;False
Ohuchi_Mirisa;F;22;JPN;Est_Asia;6;Chibana_No_Kushanku;Shito;42,1;Pool_1;FRA;West_EUR;B;True
Williams_Danni;F;19;ENG;Europe;78;Papuren;Shito;37,2;Pool_2;FRA;West_EUR;R;False
Miskova_Veronika;F;31;CZE;Europe;28;Kururunfa;Shito;38,9;Pool_2;FRA;West_EUR;B;True
Tsiakmaki_Athina;F;16;GRE;Europe;24;Suparinpei;Shito;37,7;Pool_2;FRA;West_EUR;R;False
Ohuchi_Mirisa;F;22;JPN;Est_Asia;6;Suparinpei;Shito;40,9;Pool_2;FRA;West_EUR;B;True
Tsiakmaki_Athina;F;16;GRE;Europe;24;Papuren;Shito;39,3;Pool_3;FRA;West_EUR;R;False
Miskova_Veronika;F;31;CZE;Europe;28;Papuren;Shito;39,9;Pool_3;FRA;West_EUR;B;True
Williams_Danni;F;19;ENG;Europe;78;Anan;Shito;37,5;Pool_3;FRA;West_EUR;R;False
Ohuchi_Mirisa;F;22;JPN;Est_Asia;6;Nipaipo;Shito;41,6;Pool_3;FRA;West_EUR;B;True
Morales_Ozuna_Gema;F;28;ESP;Europe;32;Chibana_No_Kushanku;Shito;38,6;Pool_1;FRA;West_EUR;R;True
Feracci_Alexandra;F;31;FRA;Europe;45;Papuren;Shito;37;Pool_1;FRA;West_EUR;B;False
Donofrio_Terryana;F;27;ITA;Europe;10;Kururunfa;Shito;39,7;Pool_1;FRA;West_EUR;R;True
Jay_Shirley;F;16;GER;Europe;19;Papuren;Shito;34,9;Pool_1;FRA;West_EUR;B;False
Feracci_Alexandra;F;31;FRA;Europe;45;Kishimoto_No_Kushanku;Shito;39;Pool_2;FRA;West_EUR;R;False
Donofrio_Terryana;F;27;ITA;Europe;10;Ohan_Dai;Shito;41;Pool_2;FRA;West_EUR;B;True
Morales_Ozuna_Gema;F;28;ESP;Europe;32;Suparinpei;Shito;39,4;Pool_2;FRA;West_EUR;R;True
Jay_Shirley;F;16;GER;Europe;19;Chatanyara_Kushanku;Shito;39,3;Pool_2;FRA;West_EUR;B;False
Morales_Ozuna_Gema;F;28;ESP;Europe;32;Chatanyara_Kushanku;Shito;39,4;Pool_3;FRA;West_EUR;R;False
Donofrio_Terryana;F;27;ITA;Europe;10;Papuren;Shito;41;Pool_3;FRA;West_EUR;B;True
Feracci_Alexandra;F;31;FRA;Europe;45;Kururunfa;Shito;39,5;Pool_3;FRA;West_EUR;R;True
Jay_Shirley;F;16;GER;Europe;19;Anan_Dai;Shito;37,9;Pool_3;FRA;West_EUR;B;False
Lo_Sum_Man;F;22;HKG;Est_Asia;36;Papuren;Shito;39,1;Pool_1;FRA;West_EUR;R;True
Mariana_Semblano;F;23;POR;Europe;124;Ohan_Dai;Shito;36,9;Pool_1;FRA;West_EUR;B;False
Azuma_Saeko;F;23;JPN;Est_Asia;9;Chatanyara_Kushanku;Shito;40,6;Pool_1;FRA;West_EUR;R;True
Kokumai_Sakura;F;31;USA;North_Am;5;Papuren;Shito;39,7;Pool_1;FRA;West_EUR;B;False
Mariana_Semblano;F;23;POR;Europe;124;Suparinpei;Shito;37,8;Pool_2;FRA;West_EUR;R;False
Azuma_Saeko;F;23;JPN;Est_Asia;9;Suparinpei;Shito;41,3;Pool_2;FRA;West_EUR;B;True
Lo_Sum_Man;F;22;HKG;Est_Asia;36;Chatanyara_Kushanku;Shito;39,3;Pool_2;FRA;West_EUR;R;False
Kokumai_Sakura;F;31;USA;North_Am;5;Chibana_No_Kushanku;Shito;39,6;Pool_2;FRA;West_EUR;B;True
Lo_Sum_Man;F;22;HKG;Est_Asia;36;Suparinpei;Shito;39,7;Pool_3;FRA;West_EUR;R;False
Azuma_Saeko;F;23;JPN;Est_Asia;9;Papuren;Shito;42,1;Pool_3;FRA;West_EUR;B;True
Mariana_Semblano;F;23;POR;Europe;124;Kururunfa;Shito;37,1;Pool_3;FRA;West_EUR;R;False
Kokumai_Sakura;F;31;USA;North_Am;5;Kururunfa;Shito;39,8;Pool_3;FRA;West_EUR;B;True
Juettner_Jasmin;F;31;GER;Europe;28;Gojushiho_Sho;Shotokan;38,4;Pool_1;FRA;West_EUR;R;False
Afsaneh_Mahsa;F;36;IRI;M_O;26;Kishimoto_No_Kushanku;Shito;39,4;Pool_1;FRA;West_EUR;B;True
Vanusanikova_Jana;F;24;SVK;Europe;62;Papuren;Shito;37,1;Pool_1;FRA;West_EUR;R;False
Manca_Chiara;F;19;BEL;Europe;22;Ohan_Dai;Shito;38,9;Pool_1;FRA;West_EUR;B;True
Afsaneh_Mahsa;F;36;IRI;M_O;26;Gojushiho_Dai;Shotokan;39,1;Pool_2;FRA;West_EUR;R;True
Vanusanikova_Jana;F;24;SVK;Europe;62;Suparinpei;Shito;36,6;Pool_2;FRA;West_EUR;B;False
Juettner_Jasmin;F;31;GER;Europe;28;Unsu;Shotokan;38,6;Pool_2;FRA;West_EUR;R;False
Manca_Chiara;F;19;BEL;Europe;22;Suparinpei;Shito;39,2;Pool_2;FRA;West_EUR;B;True
Juettner_Jasmin;F;31;GER;Europe;28;Sansai;Shotokan;39;Pool_3;FRA;West_EUR;R;True
Vanusanikova_Jana;F;24;SVK;Europe;62;Anan_Dai;Shito;36,8;Pool_3;FRA;West_EUR;B;False
Afsaneh_Mahsa;F;36;IRI;M_O;26;Chatanyara_Kushanku;Shito;40,8;Pool_3;FRA;West_EUR;R;True
Manca_Chiara;F;19;BEL;Europe;22;Papuren;Shito;39,4;Pool_3;FRA;West_EUR;B;False
Casale_Carol;F;25;ITA;Europe;33;Papuren;Shito;40,3;Pool_1;FRA;West_EUR;R;True
Turner_Nicole;F;21;ENG;Europe;110;Papuren;Shito;37,8;Pool_1;FRA;West_EUR;B;False
EnNesry_Aya;F;24;MAR;North_Africa;8;Unsu;Shotokan;38,6;Pool_1;FRA;West_EUR;R;False
Ono_Maho;F;25;JPN;Est_Asia;4;Chibana_No_Kushanku;Shito;41,9;Pool_1;FRA;West_EUR;B;True
Turner_Nicole;F;21;ENG;Europe;110;Ohan_Dai;Shito;37;Pool_2;FRA;West_EUR;R;False
EnNesry_Aya;F;24;MAR;North_Africa;8;Gojushiho_Sho;Shotokan;40,2;Pool_2;FRA;West_EUR;B;True
Casale_Carol;F;25;ITA;Europe;33;Chibana_No_Kushanku;Shito;40,7;Pool_2;FRA;West_EUR;R;False
Ono_Maho;F;25;JPN;Est_Asia;4;Papuren;Shito;42,2;Pool_2;FRA;West_EUR;B;True
Casale_Carol;F;25;ITA;Europe;33;Chatanyara_Kushanku;Shito;38,7;Pool_3;FRA;West_EUR;R;True
EnNesry_Aya;F;24;MAR;North_Africa;8;Gankaku;Shotokan;37,9;Pool_3;FRA;West_EUR;B;False
Turner_Nicole;F;21;ENG;Europe;110;Chatanyara_Kushanku;Shito;36,7;Pool_3;FRA;West_EUR;R;False
Ono_Maho;F;25;JPN;Est_Asia;4;Nipaipo;Shito;41;Pool_3;FRA;West_EUR;B;True
Cruz_Ana;F;29;POR;Europe;15;Anan;Shito;37,9;Pool_1;FRA;West_EUR;R;False
Taily_Helvetia;F;25;FRA;Europe;21;Gojushiho_Sho;Shotokan;38,2;Pool_1;FRA;West_EUR;B;True
Shimizu_Natsuki;F;26;JPN;Est_Asia;17;Kururunfa;Shito;40;Pool_1;FRA;West_EUR;R;True
Garcia_Lozano_Paola;F;18;ESP;Europe;11;Papuren;Shito;39,3;Pool_1;FRA;West_EUR;B;False
Taily_Helvetia;F;25;FRA;Europe;21;Gojushiho_Dai;Shotokan;39,7;Pool_2;FRA;West_EUR;R;False
Shimizu_Natsuki;F;26;JPN;Est_Asia;17;Suparinpei;Shito;41;Pool_2;FRA;West_EUR;B;True
Cruz_Ana;F;29;POR;Europe;15;Papuren;Shito;38,7;Pool_2;FRA;West_EUR;R;False
Garcia_Lozano_Paola;F;18;ESP;Europe;11;Suparinpei;Shito;39,6;Pool_2;FRA;West_EUR;B;True
Cruz_Ana;F;29;POR;Europe;15;Ohan_Dai;Shito;38,7;Pool_3;FRA;West_EUR;R;False
Shimizu_Natsuki;F;26;JPN;Est_Asia;17;Anan;Shito;40,7;Pool_3;FRA;West_EUR;B;True
Taily_Helvetia;F;25;FRA;Europe;21;Gankaku;Shotokan;39,5;Pool_3;FRA;West_EUR;R;True
Garcia_Lozano_Paola;F;18;ESP;Europe;11;Chatanyara_Kushanku;Shito;39,1;Pool_3;FRA;West_EUR;B;False
Xenou_Georgia_Archontia;F;26;GRE;Europe;14;Papuren;Shito;39,8;Pool_1;FRA;West_EUR;R;True
Dominici_Roberta;F;17;ITA;Europe;9;Anan_Dai;Shito;37,5;Pool_1;FRA;West_EUR;B;False
Xenou_Georgia_Archontia;F;26;GRE;Europe;14;Chatanyara_Kushanku;Shito;39,9;Pool_2;FRA;West_EUR;R;False
Lau_Mo_Sheung_Grace;F;32;HKG;Est_Asia;1;Tomari_Bassai;Shito;41,9;Pool_1;FRA;West_EUR;B;True
Dominici_Roberta;F;17;ITA;Europe;9;Ohan_Dai;Shito;37,5;Pool_2;FRA;West_EUR;R;False
Lau_Mo_Sheung_Grace;F;32;HKG;Est_Asia;1;Chibana_No_Kushanku;Shito;39,4;Pool_2;FRA;West_EUR;B;True
Bozan_Dilara;F;27;TUR;Europe;7;Anan_Dai;Shito;40,8;R1;FRA;West_EUR;R;False
Ohuchi_Mirisa;F;22;JPN;Est_Asia;6;Papuren;Shito;42,8;R1;FRA;West_EUR;B;True
Donofrio_Terryana;F;27;ITA;Europe;10;Suparinpei;Shito;41,9;R1;FRA;West_EUR;R;False
Azuma_Saeko;F;23;JPN;Est_Asia;9;Chibana_No_Kushanku;Shito;43;R1;FRA;West_EUR;B;True
Afsaneh_Mahsa;F;36;IRI;M_O;26;Unsu;Shotokan;40,9;R1;FRA;West_EUR;R;False
Ono_Maho;F;25;JPN;Est_Asia;4;Suparinpei;Shito;42,5;R1;FRA;West_EUR;B;True
Shimizu_Natsuki;F;26;JPN;Est_Asia;17;Chatanyara_Kushanku;Shito;41,1;R1;FRA;West_EUR;R;False
Lau_Mo_Sheung_Grace;F;32;HKG;Est_Asia;1;Suparinpei;Shito;42,9;R1;FRA;West_EUR;B;True
Ohuchi_Mirisa;F;22;JPN;Est_Asia;6;Chatanyara_Kushanku;Shito;42,1;R2;FRA;West_EUR;R;False
Azuma_Saeko;F;23;JPN;Est_Asia;9;Oyadomari_No_Passai;Shito;43;R2;FRA;West_EUR;B;True
Ono_Maho;F;25;JPN;Est_Asia;4;Chatanyara_Kushanku;Shito;42,7;R2;FRA;West_EUR;R;True
Lau_Mo_Sheung_Grace;F;32;HKG;Est_Asia;1;Chatanyara_Kushanku;Shito;42,1;R2;FRA;West_EUR;B;False
Donofrio_Terryana;F;27;ITA;Europe;10;Anan_Dai;Shito;41,9;Bronze;FRA;West_EUR;R;False
Ohuchi_Mirisa;F;22;JPN;Est_Asia;6;Papuren;Shito;43,5;Bronze;FRA;West_EUR;B;True
Afsaneh_Mahsa;F;36;IRI;M_O;26;Chibana_No_Kushanku;Shito;41;Bronze;FRA;West_EUR;R;False
Lau_Mo_Sheung_Grace;F;32;HKG;Est_Asia;1;Papuren;Shito;43,6;Bronze;FRA;West_EUR;B;True
Azuma_Saeko;F;23;JPN;Est_Asia;9;Chatanyara_Kushanku;Shito;43,6;Final;FRA;West_EUR;R;False
Ono_Maho;F;25;JPN;Est_Asia;4;Papuren;Shito;44;Final;FRA;West_EUR;B;True
Ortiz_Aquino_Jeffersont;M;24;VEN;South_Am;61;Papuren;Shito;40,7;Pool_1;FRA;West_EUR;R;False
Ozdemir_Enes;M;22;TUR;Europe;17;Gojushiho_Sho;Shotokan;42,4;Pool_1;FRA;West_EUR;B;True
Abe_Sakichi;M;21;JPN;Est_Asia;8;Ohan ;Shito;43,5;Pool_1;FRA;West_EUR;R;True
Kimura_Dyun;M;34;BRA;South_Am;33;Papuren;Shito;38,6;Pool_1;FRA;West_EUR;B;False
Ozdemir_Enes;M;22;TUR;Europe;17;Unsu;Shotokan;42,8;Pool_2;FRA;West_EUR;R;True
Abe_Sakichi;M;21;JPN;Est_Asia;8;Ohan_Dai;Shito;42;Pool_2;FRA;West_EUR;B;False
Ortiz_Aquino_Jeffersont;M;24;VEN;South_Am;61;Anan_Dai;Shito;40,8;Pool_2;FRA;West_EUR;R;True
Kimura_Dyun;M;34;BRA;South_Am;33;Ohan_Dai;Shito;39,4;Pool_2;FRA;West_EUR;B;False
Ortiz_Aquino_Jeffersont;M;24;VEN;South_Am;61;Ohan_Dai;Shito;40,9;Pool_3;FRA;West_EUR;R;False
Abe_Sakichi;M;21;JPN;Est_Asia;8;Anan_Dai;Shito;43,3;Pool_3;FRA;West_EUR;B;True
Ozdemir_Enes;M;22;TUR;Europe;17;Gojushiho_Dai;Shotokan;42,1;Pool_3;FRA;West_EUR;R;True
Kimura_Dyun;M;34;BRA;South_Am;33;Anan;Shito;38,8;Pool_3;FRA;West_EUR;B;False
Hussain_Mohammad;M;27;KUW;M_O;19;Gojushiho_Sho;Shotokan;40,6;Pool_1;FRA;West_EUR;R;False
Iodice_Alessandro;M;31;ITA;Europe;24;Gojushiho_Sho;Shotokan;41,4;Pool_1;FRA;West_EUR;B;True
Harrison_James;M;21;ENG;Europe;34;Chatanyara_Kushanku;Shito;38,6;Pool_1;FRA;West_EUR;R;False
Torres_Gutierrez_Ariel;M;26;USA;North_Am;2;Ohan;Shito;42,4;Pool_1;FRA;West_EUR;B;True
Iodice_Alessandro;M;31;ITA;Europe;24;Enpi;Shotokan;40,3;Pool_2;FRA;West_EUR;R;True
Harrison_James;M;21;ENG;Europe;34;Papuren;Shito;38,9;Pool_2;FRA;West_EUR;B;False
Hussain_Mohammad;M;27;KUW;M_O;19;Gojushiho_Dai;Shotokan;39,2;Pool_2;FRA;West_EUR;R;False
Torres_Gutierrez_Ariel;M;26;USA;North_Am;2;Kururunfa;Shito;41,8;Pool_2;FRA;West_EUR;B;True
Hussain_Mohammad;M;27;KUW;M_O;19;Unsu;Shotokan;39,6;Pool_3;FRA;West_EUR;R;True
Harrison_James;M;21;ENG;Europe;34;Suparinpei;Shito;38;Pool_3;FRA;West_EUR;B;False
Iodice_Alessandro;M;31;ITA;Europe;24;Unsu;Shotokan;41,5;Pool_3;FRA;West_EUR;R;False
Torres_Gutierrez_Ariel;M;26;USA;North_Am;2;Ohan_Dai;Shito;43,2;Pool_3;FRA;West_EUR;B;True
Almosawi_Sayed_Mohammed;M;29;KUW;M_O;25;Gojushiho_Dai;Shotokan;40,5;Pool_1;FRA;West_EUR;R;False
Hung_Ho_Wai_Howard;M;31;HKG;Est_Asia;21;Ohan;Shito;41,3;Pool_1;FRA;West_EUR;B;True
Kikuchi_Ryonosuke;M;24;JPN;Est_Asia;12;Anan_Dai;Shito;41,7;Pool_1;FRA;West_EUR;R;True
Zaresta_Yuda_Ahmad_Zigi;M;26;INA;Est_Asia;72;Unsu;Shotokan;38,8;Pool_1;FRA;West_EUR;B;False
Hung_Ho_Wai_Howard;M;31;HKG;Est_Asia;21;Chibana_No_Kushanku;Shito;40,9;Pool_2;FRA;West_EUR;R;False
Kikuchi_Ryonosuke;M;24;JPN;Est_Asia;12;Ohan_Dai;Shito;41,4;Pool_2;FRA;West_EUR;B;True
Almosawi_Sayed_Mohammed;M;29;KUW;Est_Asia;25;Unsu;Shotokan;40,6;Pool_2;FRA;West_EUR;R;True
Zaresta_Yuda_Ahmad_Zigi;M;26;INA;Est_Asia;72;Gankaku;Shotokan;39,9;Pool_2;FRA;West_EUR;B;False
Almosawi_Sayed_Mohammed;M;29;KUW;Est_Asia;25;Gojushiho_Sho;Shotokan;41;Pool_3;FRA;West_EUR;R;False
Kikuchi_Ryonosuke;M;24;JPN;Est_Asia;12;Anan;Shito;42,3;Pool_3;FRA;West_EUR;B;True
Hung_Ho_Wai_Howard;M;31;HKG;Est_Asia;21;Ohan_Dai;Shito;41,6;Pool_3;FRA;West_EUR;R;True
Zaresta_Yuda_Ahmad_Zigi;M;26;INA;Est_Asia;72;Sochin;Shotokan;39,8;Pool_3;FRA;West_EUR;B;False
Moto_Ryuji;M;26;JPN;Est_Asia;10;Gojushiho_Sho;Shotokan;42,5;Pool_1;FRA;West_EUR;R;True
Benmekhlouf_Saber;M;23;ALG;North_Africa;20;Gojushiho_Sho;Shotokan;39,2;Pool_1;FRA;West_EUR;B;False
Ujihara_Yuki;M;23;SUI;Europe;38;Papuren;Shito;40,1;Pool_1;FRA;West_EUR;R;False
Quintero_Capdevila_Damian_Hugo;M;39;ESP;Europe;5;Kururunfa;Shito;42,4;Pool_1;FRA;West_EUR;B;True
Benmekhlouf_Saber;M;23;ALG;North_Africa;20;Unsu;Shotokan;39,8;Pool_2;FRA;West_EUR;R;False
Ujihara_Yuki;M;23;SUI;Europe;38;Kururunfa;Shito;40,7;Pool_2;FRA;West_EUR;B;True
Moto_Ryuji;M;26;JPN;Est_Asia;10;Sochin;Shotokan;43,4;Pool_2;FRA;West_EUR;R;True
Quintero_Capdevila_Damian_Hugo;M;39;ESP;Europe;5;Anan_Dai;Shito;42,8;Pool_2;FRA;West_EUR;B;False
Moto_Ryuji;M;26;JPN;Est_Asia;10;Enpi;Shotokan;42,5;Pool_3;FRA;West_EUR;R;True
Ujihara_Yuki;M;23;SUI;Europe;38;Suparinpei;Shito;40,9;Pool_3;FRA;West_EUR;B;False
Benmekhlouf_Saber;M;23;ALG;North_Africa;20;Gojushiho_Dai;Shotokan;40,3;Pool_3;FRA;West_EUR;R;False
Quintero_Capdevila_Damian_Hugo;M;39;ESP;Europe;5;Pachu;Shito;42,1;Pool_3;FRA;West_EUR;B;True
Martin_Romero_Raul;M;22;ESP;Europe;67;Chibana_No_Kushanku;Shito;41;Pool_1;FRA;West_EUR;R;False
Moto_Kazumasa;M;28;JPN;Est_Asia;4;Gojushiho_Dai;Shotokan;42,6;Pool_1;FRA;West_EUR;B;True
Ghinami_Alessio;M;21;ITA;Europe;9;Gojushiho_Sho;Shotokan;40,4;Pool_1;FRA;West_EUR;R;True
Hrcka_Roman;M;20;SVK;Europe;29;Suparinpei;Shito;38,3;Pool_1;FRA;West_EUR;B;False
Moto_Kazumasa;M;28;JPN;Est_Asia;4;Unsu;Shotokan;42,3;Pool_2;FRA;West_EUR;R;True
Ghinami_Alessio;M;21;ITA;Europe;9;Gojushiho_Dai;Shotokan;40,5;Pool_2;FRA;West_EUR;B;False
Martin_Romero_Raul;M;22;ESP;Europe;67;Ohan_Dai;Shito;40,5;Pool_2;FRA;West_EUR;R;True
Hrcka_Roman;M;20;SVK;Europe;29;Papuren;Shito;39,1;Pool_2;FRA;West_EUR;B;False
Martin_Romero_Raul;M;22;ESP;Europe;67;Chatanyara_Kushanku;Shito;41,9;Pool_3;FRA;West_EUR;R;True
Ghinami_Alessio;M;21;ITA;Europe;9;Unsu;Shotokan;40,6;Pool_3;FRA;West_EUR;B;False
Moto_Kazumasa;M;28;JPN;Est_Asia;4;Sochin;Shotokan;42;Pool_3;FRA;West_EUR;R;True
Hrcka_Roman;M;20;SVK;Europe;29;Chibana_No_Kushanku;Shito;39,2;Pool_3;FRA;West_EUR;B;False
Abu_Wahib_Jonas;M;16;GER;Europe;13;Kanku_Sho;Shotokan;38,3;Pool_1;FRA;West_EUR;R;False
Ngoan_Franck;M;24;FRA;Europe;35;Gojushiho_Sho;Shotokan;38,7;Pool_1;FRA;West_EUR;B;True
Tozaki_Taishi;M;24;USA;North_Am;41;Chatanyara_Kushanku;Shito;40;Pool_1;FRA;West_EUR;R;False
Sofuoglu_Ali;M;29;TUR;Europe;3;Gojushiho_Sho;Shotokan;42,2;Pool_1;FRA;West_EUR;B;True
Ngoan_Franck;M;24;FRA;Europe;35;Unsu;Shotokan;40,5;Pool_2;FRA;West_EUR;R;True
Tozaki_Taishi;M;24;USA;North_Am;41;Anan_Dai;Shito;40,4;Pool_2;FRA;West_EUR;B;False
Abu_Wahib_Jonas;M;16;GER;Europe;13;Unsu;Shotokan;38,9;Pool_2;FRA;West_EUR;R;False
Sofuoglu_Ali;M;29;TUR;Europe;3;Sochin;Shotokan;41,3;Pool_2;FRA;West_EUR;B;True
Abu_Wahib_Jonas;M;16;GER;Europe;13;Gojushiho_Dai;Shotokan;40,2;Pool_3;FRA;West_EUR;R;False
Tozaki_Taishi;M;24;USA;North_Am;41;Anan;Shito;41,9;Pool_3;FRA;West_EUR;B;True
Ngoan_Franck;M;24;FRA;Europe;35;Kanku_Sho;Shotokan;40,5;Pool_3;FRA;West_EUR;R;False
Sofuoglu_Ali;M;29;TUR;Europe;3;Unsu;Shotokan;41,6;Pool_3;FRA;West_EUR;B;True
Comanescu_Petru;M;20;ROU;Europe;45;Gojushiho_Sho;Shotokan;38,7;Pool_1;FRA;West_EUR;R;False
Nagy_Botond;M;29;HUN;Europe;23;Papuren;Shito;39,4;Pool_1;FRA;West_EUR;B;True
Almosawi_Sayed_Salman;M;29;KUW;M_O;36;Unsu;Shotokan;40,3;Pool_1;FRA;West_EUR;R;True
Busato_Mattia;M;31;ITA;Europe;16;Anan_Dai;Shito;40,2;Pool_1;FRA;West_EUR;B;False
Nagy_Botond;M;29;HUN;Europe;23;Anan_Dai;Shito;39,8;Pool_2;FRA;West_EUR;R;True
Almosawi_Sayed_Salman;M;29;KUW;M_O;36;Gojushiho_Sho;Shotokan;39,6;Pool_2;FRA;West_EUR;B;False
Comanescu_Petru;M;20;ROU;Europe;45;Unsu;Shotokan;39,2;Pool_2;FRA;West_EUR;R;False
Busato_Mattia;M;31;ITA;Europe;16;Unsu;Shotokan;40,9;Pool_2;FRA;West_EUR;B;True
Comanescu_Petru;M;20;ROU;Europe;45;Kanku_Sho;Shotokan;38,5;Pool_3;FRA;West_EUR;R;False
Almosawi_Sayed_Salman;M;29;KUW;M_O;36;Kanku_Sho;Shotokan;39,4;Pool_3;FRA;West_EUR;B;True
Nagy_Botond;M;29;HUN;Europe;23;Ohan_Dai;Shito;38,1;Pool_3;FRA;West_EUR;R;False
Busato_Mattia;M;31;ITA;Europe;16;Gojushiho_Dai;Shotokan;42;Pool_3;FRA;West_EUR;B;True
Tozaki_Gakuji;M;32;USA;North_Am;27;Suparinpei;Shito;39,4;Pool_1;FRA;West_EUR;R;True
Duran_Kutluhan;M;23;TUR;Europe;56;Gojushiho_Sho;Shotokan;38,6;Pool_1;FRA;West_EUR;B;False
Casanova_Guerrero_Cleiver;M;34;VEN;South_Am;22;Kyan_No_Chinto;Shito;39,1;Pool_1;FRA;West_EUR;R;False
Nishiyama_Kakeru;M;28;JPN;Est_Asia;1;Kururunfa;Shito;41,6;Pool_1;FRA;West_EUR;B;True
Duran_Kutluhan;M;23;TUR;Europe;56;Gojushiho_Dai;Shotokan;38,9;Pool_2;FRA;West_EUR;R;True
Casanova_Guerrero_Cleiver;M;34;VEN;South_Am;22;Unsu;Shotokan;37,6;Pool_2;FRA;West_EUR;B;False
Tozaki_Gakuji;M;32;USA;North_Am;27;Anan;Shito;39,7;Pool_2;FRA;West_EUR;R;False
Nishiyama_Kakeru;M;28;JPN;Est_Asia;1;Chibana_No_Kushanku;Shito;41,8;Pool_2;FRA;West_EUR;B;True
Tozaki_Gakuji;M;32;USA;North_Am;27;Anan_Dai;Shito;41,7;Pool_3;FRA;West_EUR;R;True
Casanova_Guerrero_Cleiver;M;34;VEN;South_Am;22;Gankaku;Shotokan;40;Pool_3;FRA;West_EUR;B;False
Duran_Kutluhan;M;23;TUR;Europe;56;Unsu;Shotokan;39,7;Pool_3;FRA;West_EUR;R;False
Nishiyama_Kakeru;M;28;JPN;Est_Asia;1;Shisochin;Shito;41,8;Pool_3;FRA;West_EUR;B;True
Ozdemir_Enes;M;22;TUR;Europe;17;Kanku_Sho;Shotokan;43,1;R1;FRA;West_EUR;R;False
Torres_Gutierrez_Ariel;M;26;USA;North_Am;2;Anan;Shito;43,6;R1;FRA;West_EUR;B;True
Kikuchi_Ryonosuke;M;24;JPN;Est_Asia;12;Suparinpei;Shito;42,3;R1;FRA;West_EUR;R;False
Moto_Ryuji;M;26;JPN;Est_Asia;10;Jitte;Shotokan;43,1;R1;FRA;West_EUR;B;True
Moto_Kazumasa;M;28;JPN;Est_Asia;4;Gojushiho_Sho;Shotokan;43,1;R1;FRA;West_EUR;R;False
Sofuoglu_Ali;M;29;TUR;Europe;3;Gojushiho_Sho;Shotokan;43,9;R1;FRA;West_EUR;B;True
Busato_Mattia;M;31;ITA;Europe;16;Gankaku;Shotokan;42,5;R1;FRA;West_EUR;R;False
Nishiyama_Kakeru;M;28;JPN;Est_Asia;1;Papuren;Shito;44,7;R1;FRA;West_EUR;B;True
Torres_Gutierrez_Ariel;M;26;USA;North_Am;2;Anan_Dai;Shito;43,4;R2;FRA;West_EUR;R;False
Moto_Ryuji;M;26;JPN;Est_Asia;10;Unsu;Shotokan;43,5;R2;FRA;West_EUR;B;True
Sofuoglu_Ali;M;29;TUR;Europe;3;Kanku_Sho;Shotokan;43,5;R2;FRA;West_EUR;R;False
Nishiyama_Kakeru;M;28;JPN;Est_Asia;1;Suparinpei;Shito;44,2;R2;FRA;West_EUR;B;True
Kikuchi_Ryonosuke;M;24;JPN;Est_Asia;12;Papuren;Shito;43,1;Bronze;FRA;West_EUR;R;False
Torres_Gutierrez_Ariel;M;26;USA;North_Am;2;Anan;Shito;44,2;Bronze;FRA;West_EUR;B;True
Busato_Mattia;M;31;ITA;Europe;16;Gojushiho_Sho;Shotokan;43,3;Bronze;FRA;West_EUR;R;False
Sofuoglu_Ali;M;29;TUR;Europe;3;Gojushiho_Sho;Shotokan;44,9;Bronze;FRA;West_EUR;B;True
Moto_Ryuji;M;26;JPN;Est_Asia;10;Sochin;Shotokan;43,6;Final;FRA;West_EUR;R;False
Nishiyama_Kakeru;M;28;JPN;Est_Asia;1;Papuren;Shito;45,1;Final;FRA;West_EUR;B;True
Azuma_Saeko;F;23;JPN;Est_Asia;9;Chatanyara_Kushanku;Shito;40,4;Pool_1;TUR;West_ASIA;R;True
Donofrio_Terryana;F;27;ITA;Europe;10;Suparinpei;Shito;38,6;Pool_1;TUR;West_ASIA;B;False
Tung_Yee_Yin;F;36;HKG;Est_Asia;23;Suparinpei;Shito;38;Pool_1;TUR;West_ASIA;R;True
Laos_Loo_Claudia;F;26;CAN;North_Am;41;Papuren;Shito;37,3;Pool_1;TUR;West_ASIA;B;False
Donofrio_Terryana;F;27;ITA;Europe;10;Ohan;Shito;40,1;Pool_2;TUR;West_ASIA;R;True
Tung_Yee_Yin;F;36;HKG;Est_Asia;23;Ohan_Dai;Shito;40,1;Pool_2;TUR;West_ASIA;B;False
Azuma_Saeko;F;23;JPN;Est_Asia;9;Papuren;Shito;41,8;Pool_2;TUR;West_ASIA;R;True
Laos_Loo_Claudia;F;26;CAN;North_Am;41;Chatanyara_Kushanku;Shito;37,6;Pool_2;TUR;West_ASIA;B;False
Azuma_Saeko;F;23;JPN;Est_Asia;9;Suparinpei;Shito;41,5;Pool_3;TUR;West_ASIA;R;True
Tung_Yee_Yin;F;36;HKG;Est_Asia;23;Papuren;Shito;39;Pool_3;TUR;West_ASIA;B;False
Donofrio_Terryana;F;27;ITA;Europe;10;Papuren;Shito;39,9;Pool_3;TUR;West_ASIA;R;True
Laos_Loo_Claudia;F;26;CAN;North_Am;41;Chibana_No_Kushanku;Shito;37,9;Pool_2;TUR;West_ASIA;B;False
Tsiakmaki_Athina;F;16;GRE;Europe;24;Anan_Dai;Shito;38,6;Pool_1;TUR;West_ASIA;R;False
Cruz_Ana;F;29;POR;Europe;15;Kururunfa;Shito;39,3;Pool_1;TUR;West_ASIA;B;True
Jay_Shirley;F;16;GER;Europe;19;Suparinpei;Shito;38,7;Pool_1;TUR;West_ASIA;R;False
Ohuchi_Mirisa;F;22;JPN;Est_Asia;6;Suparinpei;Shito;40,9;Pool_1;TUR;West_ASIA;B;True
Cruz_Ana;F;29;POR;Europe;15;Ohan_Dai;Shito;41,2;Pool_2;TUR;West_ASIA;R;True
Jay_Shirley;F;16;GER;Europe;19;Papuren;Shito;38,9;Pool_2;TUR;West_ASIA;B;False
Tsiakmaki_Athina;F;16;GRE;Europe;24;Ohan_Dai;Shito;38,5;Pool_2;TUR;West_ASIA;R;False
Ohuchi_Mirisa;F;22;JPN;Est_Asia;6;Chibana_No_Kushanku;Shito;41;Pool_2;TUR;West_ASIA;B;True
Tsiakmaki_Athina;F;16;GRE;Europe;24;Papuren;Shito;37,9;Pool_3;TUR;West_ASIA;R;True
Jay_Shirley;F;16;GER;Europe;19;Chibana_No_Kushanku;Shito;41,3;Pool_3;TUR;West_ASIA;B;False
Cruz_Ana;F;29;POR;Europe;15;Papuren;Shito;41,3;Pool_3;TUR;West_ASIA;R;True
Ohuchi_Mirisa;F;22;JPN;Est_Asia;6;Nipaipo;Shito;40,8;Pool_3;TUR;West_ASIA;B;False
Amato_Carolina;F;23;ITA;Europe;46;Chibana_No_Kushanku;Shito;37,6;Pool_1;TUR;West_ASIA;R;False
Xenou_Georgia_Archontia;F;26;GRE;Europe;14;Papuren;Shito;38,2;Pool_1;TUR;West_ASIA;B;True
Bozan_Dilara;F;27;TUR;Europe;7;Kururunfa;Shito;38,6;Pool_1;TUR;West_ASIA;R;True
Wong_Sze_Man;F;31;HKG;Est_Asia;25;Papuren;Shito;38,5;Pool_1;TUR;West_ASIA;B;False
Xenou_Georgia_Archontia;F;26;GRE;Europe;14;Chatanyara_Kushanku;Shito;38,3;Pool_2;TUR;West_ASIA;R;False
Bozan_Dilara;F;27;TUR;Europe;7;Anan_Dai;Shito;39,4;Pool_2;TUR;West_ASIA;B;True
Amato_Carolina;F;23;ITA;Europe;46;Papuren;Shito;37,3;Pool_2;TUR;West_ASIA;R;False
Wong_Sze_Man;F;31;HKG;Est_Asia;25;Chibana_No_Kushanku;Shito;38,7;Pool_2;TUR;West_ASIA;B;True
Amato_Carolina;F;23;ITA;Europe;46;Chatanyara_Kushanku;Shito;37,8;Pool_3;TUR;West_ASIA;R;False
Bozan_Dilara;F;27;TUR;Europe;7;Ohan_Dai;Shito;39,7;Pool_3;TUR;West_ASIA;B;True
Xenou_Georgia_Archontia;F;26;GRE;Europe;14;Chibana_No_Kushanku;Shito;38,9;Pool_3;TUR;West_ASIA;R;True
Wong_Sze_Man;F;31;HKG;Est_Asia;25;Suparinpei;Shito;38,7;Pool_3;TUR;West_ASIA;B;False
Turemen_Damla_Su;F;20;TUR;Europe;60;Unsu;Shotokan;37,6;Pool_1;TUR;West_ASIA;R;False
Morales_Ozuna_Gema;F;28;ESP;Europe;32;Chatanyara_Kushanku;Shito;38,1;Pool_1;TUR;West_ASIA;B;True
Turemen_Damla_Su;F;20;TUR;Europe;60;Gojushiho_Dai;Shotokan;38,3;Pool_2;TUR;West_ASIA;R;False
Kokumai_Sakura;F;31;USA;North_Am;5;Chatanyara_Kushanku;Shito;39,5;Pool_1;TUR;West_ASIA;B;True
Morales_Ozuna_Gema;F;28;ESP;Europe;32;Chibana_No_Kushanku;Shito;38,7;Pool_2;TUR;West_ASIA;R;False
Kokumai_Sakura;F;31;USA;North_Am;5;Kururunfa;Shito;39,3;Pool_2;TUR;West_ASIA;B;True
Miskova_Veronika;F;31;CZE;Europe;28;Papuren;Shito;38,7;Pool_1;TUR;West_ASIA;R;False
Colak_Keyda_Nur;F;22;TUR;Europe;48;Kururunfa;Shito;39,5;Pool_1;TUR;West_ASIA;B;True
Shimizu_Natsuki;F;26;JPN;Est_Asia;17;Kururunfa;Shito;41,5;Pool_1;TUR;West_ASIA;R;True
Casale_Carol;F;25;ITA;Europe;33;Anan_Dai;Shito;40,2;Pool_1;TUR;West_ASIA;B;False
Colak_Keyda_Nur;F;22;TUR;Europe;48;Chatanyara_Kushanku;Shito;40,2;Pool_2;TUR;West_ASIA;R;False
Shimizu_Natsuki;F;26;JPN;Est_Asia;17;Chatanyara_Kushanku;Shito;40,3;Pool_2;TUR;West_ASIA;B;True
Miskova_Veronika;F;31;CZE;Europe;28;Suparinpei;Shito;38,6;Pool_2;TUR;West_ASIA;R;False
Casale_Carol;F;25;ITA;Europe;33;Kururunfa;Shito;40,8;Pool_2;TUR;West_ASIA;B;True
Miskova_Veronika;F;31;CZE;Europe;28;Kururunfa;Shito;39;Pool_3;TUR;West_ASIA;R;False
Shimizu_Natsuki;F;26;JPN;Est_Asia;17;Anan;Shito;40,3;Pool_3;TUR;West_ASIA;B;True
Colak_Keyda_Nur;F;22;TUR;Europe;48;Anan_Dai;Shito;41,1;Pool_3;TUR;West_ASIA;R;False
Casale_Carol;F;25;ITA;Europe;33;Papuren;Shito;42;Pool_3;TUR;West_ASIA;B;True
EnNesry_Aya;F;24;MAR;North_Africa;8;Gojushiho_Sho;Shito;39,2;Pool_1;TUR;West_ASIA;R;False
Lo_Sum_Man;F;22;HKG;Est_Asia;36;Papuren;Shito;40,2;Pool_1;TUR;West_ASIA;B;True
Afsaneh_Mahsa;F;36;IRI;M_O;26;Chatanyara_Kushanku;Shito;39,2;Pool_1;TUR;West_ASIA;R;False
Ono_Maho;F;25;JPN;Est_Asia;4;Chibana_No_Kushanku;Shito;41;Pool_1;TUR;West_ASIA;B;True
Lo_Sum_Man;F;22;HKG;Est_Asia;36;Suparinpei;Shito;41,2;Pool_2;TUR;West_ASIA;R;True
Afsaneh_Mahsa;F;36;IRI;M_O;26;Kishimoto_No_Kushanku;Shito;39,7;Pool_2;TUR;West_ASIA;B;False
EnNesry_Aya;F;24;MAR;North_Africa;8;Unsu;Shito;38,5;Pool_2;TUR;West_ASIA;R;False
Ono_Maho;F;25;JPN;Est_Asia;4;Suparinpei;Shito;41,5;Pool_2;TUR;West_ASIA;B;True
EnNesry_Aya;F;24;MAR;North_Africa;8;Gankaku;Shito;39,3;Pool_3;TUR;West_ASIA;R;True
Afsaneh_Mahsa;F;36;IRI;M_O;26;Unsu;Shito;39,1;Pool_3;TUR;West_ASIA;B;False
Lo_Sum_Man;F;22;HKG;Est_Asia;36;Chibana_No_Kushanku;Shito;40,4;Pool_3;TUR;West_ASIA;R;False
Ono_Maho;F;25;JPN;Est_Asia;4;Nipaipo;Shito;42,5;Pool_3;TUR;West_ASIA;B;True
Taily_Helvetia;F;25;FRA;Europe;21;Gojushiho_Dai;Shotokan;39,5;Pool_1;TUR;West_ASIA;R;True
Sadeghi_Dastak_Fatemeh;F;24;IRI;M_O;55;Papuren;Shito;39,1;Pool_1;TUR;West_ASIA;B;False
Alforte_Sakura;F;21;PHI;Est_Asia;18;Paiku;Shito;39,7;Pool_1;TUR;West_ASIA;R;True
Juettner_Jasmin;F;31;GER;Europe;28;Gojushiho_Dai;Shotokan;38,5;Pool_1;TUR;West_ASIA;B;False
Sadeghi_Dastak_Fatemeh;F;24;IRI;M_O;55;Anan_Dai;Shito;39,7;Pool_2;TUR;West_ASIA;R;False
Alforte_Sakura;F;21;PHI;Est_Asia;18;Anan_Dai;Shito;40,8;Pool_2;TUR;West_ASIA;B;True
Taily_Helvetia;F;25;FRA;Europe;21;Gojushiho_Sho;Shito;39,6;Pool_2;TUR;West_ASIA;R;True
Juettner_Jasmin;F;31;GER;Europe;28;Suparinpei;Shotokan;38,6;Pool_2;TUR;West_ASIA;B;False
Taily_Helvetia;F;25;FRA;Europe;21;Gankaku;Shotokan;39,5;Pool_3;TUR;West_ASIA;R;False
Alforte_Sakura;F;21;PHI;Est_Asia;18;Ohan;Shito;40,9;Pool_3;TUR;West_ASIA;B;True
Sadeghi_Dastak_Fatemeh;F;24;IRI;M_O;55;Suparinpei;Shito;39,9;Pool_3;TUR;West_ASIA;R;True
Juettner_Jasmin;F;31;GER;Europe;28;Sansai;Shotokan;39,5;Pool_3;TUR;West_ASIA;B;False
Mishima_Kiri;F;23;JPN;Est_Asia;3;Chatanyara_Kushanku;Shito;41,4;Pool_1;TUR;West_ASIA;R;True
Putri_Aprilia_Krisda;F;25;INA;Est_Asia;34;Papuren;Shito;40;Pool_1;TUR;West_ASIA;B;False
Mishima_Kiri;F;23;JPN;Est_Asia;3;Suparinpei;Shito;41,4;Pool_2;TUR;West_ASIA;R;False
Lau_Mo_Sheung_Grace;F;32;HKG;Est_Asia;1;Suparinpei;Shito;41,8;Pool_1;TUR;West_ASIA;B;True
Putri_Aprilia_Krisda;F;25;INA;Est_Asia;34;Suparinpei;Shito;38,9;Pool_2;TUR;West_ASIA;R;False
Lau_Mo_Sheung_Grace;F;32;HKG;Est_Asia;1;Tomari_Bassai;Shito;41,4;Pool_2;TUR;West_ASIA;B;True
Azuma_Saeko;F;23;JPN;Est_Asia;9;Oyadomari_No_Passai;Shito;42,3;R1;TUR;West_ASIA;R;True
Cruz_Ana;F;29;POR;Europe;15;Anan;Shito;41,1;R1;TUR;West_ASIA;B;False
Bozan_Dilara;F;27;TUR;Europe;7;Papuren;Shito;40,6;R1;TUR;West_ASIA;R;True
Kokumai_Sakura;F;31;USA;North_Am;5;Papuren;Shito;40;R1;TUR;West_ASIA;B;False
Shimizu_Natsuki;F;26;JPN;Est_Asia;17;Suparinpei;Shito;41,6;R1;TUR;West_ASIA;R;False
Ono_Maho;F;25;JPN;Est_Asia;4;Chatanyara_Kushanku;Shito;43;R1;TUR;West_ASIA;B;True
Alforte_Sakura;F;21;PHI;Est_Asia;18;Anan;Shito;39,3;R1;TUR;West_ASIA;R;False
Lau_Mo_Sheung_Grace;F;32;HKG;Est_Asia;1;Chibana_No_Kushanku;Shito;41,4;R1;TUR;West_ASIA;B;True
Azuma_Saeko;F;23;JPN;Est_Asia;9;Chibana_No_Kushanku;Shito;42,2;R2;TUR;West_ASIA;R;True
Bozan_Dilara;F;27;TUR;Europe;7;Chatanyara_Kushanku;Shito;41,4;R2;TUR;West_ASIA;B;False
Ono_Maho;F;25;JPN;Est_Asia;4;Papuren;Shito;42,8;R2;TUR;West_ASIA;R;False
Lau_Mo_Sheung_Grace;F;32;HKG;Est_Asia;1;Papuren;Shito;44;R2;TUR;West_ASIA;B;True
Cruz_Ana;F;29;POR;Europe;15;Suparinpei;Shito;40,7;Bronze;TUR;West_ASIA;R;False
Bozan_Dilara;F;27;TUR;Europe;7;Papuren;Shito;41,7;Bronze;TUR;West_ASIA;B;True
Alforte_Sakura;F;21;PHI;Est_Asia;18;Ohan_Dai;Shito;41,4;Bronze;TUR;West_ASIA;R;False
Ono_Maho;F;25;JPN;Est_Asia;4;Chatanyara_Kushanku;Shito;42,7;Bronze;TUR;West_ASIA;B;True
Azuma_Saeko;F;23;JPN;Est_Asia;9;Papuren;Shito;43,2;Final;TUR;West_ASIA;R;False
Lau_Mo_Sheung_Grace;F;32;HKG;Est_Asia;1;Chatanyara_Kushanku;Shito;43,4;Final;TUR;West_ASIA;B;True
Almosawi_Sayed_Salman;M;29;KUW;M_O;36;Gojushiho_Sho;Shotokan;40,9;Pool_1;TUR;West_ASIA;R;True
Bardos_Adam;M;19;HUN;Europe;46;Papuren;Shito;39;Pool_1;TUR;West_ASIA;B;False
Ozdemir_Enes;M;22;TUR;Europe;17;Unsu;Shotokan;42;Pool_1;TUR;West_ASIA;R;True
Moto_Ryuji;M;26;JPN;Est_Asia;10;Sochin;Shotokan;42,9;Pool_1;TUR;West_ASIA;B;True
Bardos_Adam;M;19;HUN;Europe;46;Ohan_Dai;Shito;40,3;Pool_2;TUR;West_ASIA;R;False
Ozdemir_Enes;M;22;TUR;Europe;17;Sochin;Shotokan;41,7;Pool_2;TUR;West_ASIA;B;True
Almosawi_Sayed_Salman;M;29;KUW;M_O;36;Unsu;Shotokan;41,1;Pool_2;TUR;West_ASIA;R;False
Moto_Ryuji;M;26;JPN;Est_Asia;10;Unsu;Shotokan;41,2;Pool_2;TUR;West_ASIA;B;True
Almosawi_Sayed_Salman;M;29;KUW;M_O;36;Kanku_Sho;Shotokan;41,6;Pool_3;TUR;West_ASIA;R;False
Ozdemir_Enes;M;22;TUR;Europe;17;Gojushiho_Sho;Shotokan;42,8;Pool_3;TUR;West_ASIA;B;True
Bardos_Adam;M;19;HUN;Europe;46;Suparinpei;Shito;40,7;Pool_3;TUR;West_ASIA;R;True
Moto_Ryuji;M;26;JPN;Est_Asia;10;Enpi;Shotokan;40,2;Pool_3;TUR;West_ASIA;B;False
Ujihara_Yuki;M;23;SUI;Europe;38;Seipai;Shito;39,8;Pool_1;TUR;West_ASIA;R;False
Abe_Sakichi;M;21;JPN;Est_Asia;8;Ohan;Shito;42,3;Pool_1;TUR;West_ASIA;B;True
Ujihara_Yuki;M;23;SUI;Europe;38;Suparinpei;Shito;40,8;Pool_2;TUR;West_ASIA;R;False
Sofuoglu_Ali;M;29;TUR;Europe;3;Gojushiho_Sho;Shotokan;42,5;Pool_1;TUR;West_ASIA;B;True
Abe_Sakichi;M;21;JPN;Est_Asia;8;Ohan_Dai;Shito;42,4;Pool_2;TUR;West_ASIA;R;True
Sofuoglu_Ali;M;29;TUR;Europe;3;Gojushiho_Dai;Shotokan;42,3;Pool_2;TUR;West_ASIA;B;False
Almosawi_Sayed_Mohammed;M;29;KUW;M_O;25;Gojushiho_Dai;Shotokan;40,4;Pool_1;TUR;West_ASIA;R;True
Hrcka_Roman;M;20;SVK;Europe;29;Papuren;Shito;39,6;Pool_1;TUR;West_ASIA;B;False
Duran_Kutluhan;M;23;TUR;Europe;56;Unsu;Shotokan;40,2;Pool_1;TUR;West_ASIA;R;False
Ikeda_Ryusei;M;25;JPN;Est_Asia;7;Ohan;Shito;41,7;Pool_1;TUR;West_ASIA;B;True
Hrcka_Roman;M;20;SVK;Europe;29;Ohan_Dai;Shito;39,6;Pool_2;TUR;West_ASIA;R;False
Duran_Kutluhan;M;23;TUR;Europe;56;Gojushiho_Sho;Shotokan;40,1;Pool_2;TUR;West_ASIA;B;True
Almosawi_Sayed_Mohammed;M;29;KUW;M_O;25;Gojushiho_Sho;Shotokan;40,7;Pool_2;TUR;West_ASIA;R;False
Ikeda_Ryusei;M;25;JPN;Europe;7;Anan_Dai;Shito;41,4;Pool_2;TUR;West_ASIA;B;True
Almosawi_Sayed_Mohammed;M;29;KUW;M_O;25;Unsu;Shotokan;40,6;Pool_3;TUR;West_ASIA;R;True
Duran_Kutluhan;M;23;TUR;Europe;56;Kanku_Sho;Shotokan;40,2;Pool_3;TUR;West_ASIA;B;False
Hrcka_Roman;M;20;SVK;Europe;29;Ohan;Shito;39,9;Pool_3;TUR;West_ASIA;R;False
Ikeda_Ryusei;M;25;JPN;Est_Asia;7;Anan;Shito;41,8;Pool_3;TUR;West_ASIA;B;True
Kaynar_Furkan;M;18;TUR;Europe;81;Gojushiho_Sho;Shotokan;40,4;Pool_1;TUR;West_ASIA;R;True
Gruitia_Matthew;M;17;CAN;North_Am;200;Anan_Dai;Shito;38,5;Pool_1;TUR;West_ASIA;B;False
Kaynar_Furkan;M;18;TUR;Europe;81;Unsu;Shotokan;40,4;Pool_2;TUR;West_ASIA;R;False
Torres_Gutierrez_Ariel;M;26;USA;North_Am;2;Kururunfa;Shito;41,6;Pool_1;TUR;West_ASIA;B;True
Gruitia_Matthew;M;17;CAN;North_Am;200;Kururunfa;Shito;39,2;Pool_2;TUR;West_ASIA;R;False
Torres_Gutierrez_Ariel;M;26;USA;North_Am;2;Ohan;Shito;41,4;Pool_2;TUR;West_ASIA;B;True
Harrison_James;M;21;ENG;Europe;34;Ohan_Dai;Shito;38,5;Pool_1;TUR;West_ASIA;R;False
Hussain_Mohammad;M;27;KUW;M_O;19;Gojushiho_Sho;Shotokan;39,8;Pool_1;TUR;West_ASIA;B;True
Kikuchi_Ryonosuke;M;24;JPN;Est_Asia;12;Shisochin;Shito;41,9;Pool_1;TUR;West_ASIA;R;True
Diop_Omar;M;25;SEN;Africa;57;Kanku_Sho;Shotokan;37,6;Pool_1;TUR;West_ASIA;B;False
Hussain_Mohammad;M;27;KUW;M_O;19;Unsu;Shotokan;40,5;Pool_2;TUR;West_ASIA;R;False
Kikuchi_Ryonosuke;M;24;JPN;Est_Asia;12;Anan_Dai;Shito;42,4;Pool_2;TUR;West_ASIA;B;True
Harrison_James;M;21;ENG;Europe;34;Papuren;Shito;39,6;Pool_2;TUR;West_ASIA;R;True
Diop_Omar;M;25;SEN;Africa;57;Gojushiho_Sho;Shotokan;37,2;Pool_2;TUR;West_ASIA;B;False
Harrison_James;M;21;ENG;Europe;34;Kururunfa;Shito;39,6;Pool_3;TUR;West_ASIA;R;False
Kikuchi_Ryonosuke;M;24;JPN;Est_Asia;12;Ohan_Dai;Shito;42,1;Pool_3;TUR;West_ASIA;B;True
Hussain_Mohammad;M;27;KUW;M_O;19;Gojushiho_Dai;Shotokan;40,9;Pool_3;TUR;West_ASIA;R;True
Diop_Omar;M;25;SEN;Africa;57;Unsu;Shotokan;37,5;Pool_3;TUR;West_ASIA;B;False
Iodice_Alessandro;M;31;ITA;Europe;24;Gojushiho_Sho;Shotokan;41;Pool_1;TUR;West_ASIA;R;True
Comanescu_Petru;M;20;ROU;Europe;45;Unsu;Shotokan;40;Pool_1;TUR;West_ASIA;B;False
Iodice_Alessandro;M;31;ITA;Europe;24;Unsu;Shotokan;41,4;Pool_2;TUR;West_ASIA;R;False
Moto_Kazumasa;M;28;JPN;Est_Asia;4;Sochin;Shotokan;42,8;Pool_1;TUR;West_ASIA;B;True
Comanescu_Petru;M;20;ROU;Europe;45;Sansai;Shotokan;38,2;Pool_2;TUR;West_ASIA;R;False
Moto_Kazumasa;M;28;JPN;Est_Asia;4;Gojushiho_Dai;Shotokan;42;Pool_2;TUR;West_ASIA;B;True
Kimura_Dyun;M;34;BRA;South_Am;33;Papuren;Shito;38,9;Pool_1;TUR;West_ASIA;R;False
Hung_Ho_Wai_Howard;M;31;HKG;Est_Asia;21;Chibana_No_Kushanku;Shito;39,9;Pool_1;TUR;West_ASIA;B;True
Nagy_Botond;M;29;HUN;Europe;23;Ohan_Dai;Shito;39,7;Pool_1;TUR;West_ASIA;R;False
Ghinami_Alessio;M;21;ITA;Europe;9;Gojushiho_Sho;Shotokan;41,2;Pool_1;TUR;West_ASIA;B;True
Hung_Ho_Wai_Howard;M;31;HKG;Est_Asia;21;Ohan;Shito;40;Pool_2;TUR;West_ASIA;R;True
Nagy_Botond;M;29;HUN;Europe;23;Anan_Dai;Shito;39,4;Pool_2;TUR;West_ASIA;B;False
Kimura_Dyun;M;34;BRA;South_Am;33;Ohan_Dai;Shito;38,8;Pool_2;TUR;West_ASIA;R;False
Ghinami_Alessio;M;21;ITA;Europe;9;Unsu;Shotokan;41;Pool_2;TUR;West_ASIA;B;True
Kimura_Dyun;M;34;BRA;South_Am;33;Anan_Dai;Shito;38,2;Pool_3;TUR;West_ASIA;R;False
Nagy_Botond;M;29;HUN;Europe;23;Paiku;Shito;39,5;Pool_3;TUR;West_ASIA;B;True
Hung_Ho_Wai_Howard;M;31;HKG;Est_Asia;21;Ohan_Dai;Shito;39,7;Pool_3;TUR;West_ASIA;R;False
Ghinami_Alessio;M;21;ITA;Europe;9;Gojushiho_Dai;Shotokan;41,2;Pool_3;TUR;West_ASIA;B;True
Heydarov_Roman;M;25;AZE;Europe;54;Gojushiho_Sho;Shotokan;38,6;Pool_1;TUR;West_ASIA;R;False
Gallo_Gianluca;M;27;ITA;Europe;57;Gojushiho_Sho;Shotokan;39,8;Pool_1;TUR;West_ASIA;B;True
Heydarov_Roman;M;25;AZE;Europe;54;Sochin;Shotokan;38,8;Pool_2;TUR;West_ASIA;R;False
Nishiyama_Kakeru;M;28;JPN;Est_Asia;1;Shisochin;Shito;40,9;Pool_1;TUR;West_ASIA;B;True
Gallo_Gianluca;M;27;ITA;Europe;57;Gojushiho_Dai;Shotokan;39,9;Pool_2;TUR;West_ASIA;R;False
Nishiyama_Kakeru;M;28;JPN;Est_Asia;1;Kururunfa;Shito;41,9;Pool_2;TUR;West_ASIA;B;True
Moto_Ryuji;M;26;JPN;Est_Asia;10;Jitte;Shotokan;40,8;R1;TUR;West_ASIA;R;False
Abe_Sakichi;M;21;JPN;Est_Asia;8;Anan_Dai;Shito;44;R1;TUR;West_ASIA;B;True
Ikeda_Ryusei;M;25;JPN;Est_Asia;7;Ohan_Dai;Shito;43,3;R1;TUR;West_ASIA;R;False
Torres_Gutierrez_Ariel;M;26;USA;North_Am;2;Ohan_Dai;Shito;43,2;R1;TUR;West_ASIA;B;True
Kikuchi_Ryonosuke;M;24;JPN;Est_Asia;12;Papuren;Shito;42,8;R1;TUR;West_ASIA;R;False
Moto_Kazumasa;M;28;JPN;Est_Asia;4;Gojushiho_Sho;Shotokan;43,4;R1;TUR;West_ASIA;B;True
Ghinami_Alessio;M;21;ITA;Europe;9;Gankaku;Shotokan;42,2;R1;TUR;West_ASIA;R;False
Nishiyama_Kakeru;M;28;JPN;Est_Asia;1;Papuren;Shito;43,7;R1;TUR;West_ASIA;B;True
Abe_Sakichi;M;21;JPN;Est_Asia;8;Suparinpei;Shito;42,6;R2;TUR;West_ASIA;R;False
Torres_Gutierrez_Ariel;M;26;USA;North_Am;2;Anan;Shito;43;R2;TUR;West_ASIA;B;True
Moto_Kazumasa;M;28;JPN;Est_Asia;4;Gankaku;Shotokan;41,8;R2;TUR;West_ASIA;R;False
Nishiyama_Kakeru;M;28;JPN;Est_Asia;1;Suparinpei;Shito;43,5;R2;TUR;West_ASIA;B;True
Ikeda_Ryusei;M;25;JPN;Est_Asia;7;Suparinpei;Shito;42,2;Bronze;TUR;West_ASIA;R;False
Abe_Sakichi;M;21;JPN;Est_Asia;8;Anan;Shito;43,6;Bronze;TUR;West_ASIA;B;True
Ghinami_Alessio;M;21;ITA;Europe;9;Kanku_Sho;Shotokan;42,2;Bronze;TUR;West_ASIA;R;True
Moto_Kazumasa;M;28;JPN;Est_Asia;4;Unsu;Shotokan;42,2;Bronze;TUR;West_ASIA;B;False
Torres_Gutierrez_Ariel;M;26;USA;North_Am;2;Anan_Dai;Shito;43,7;Final;TUR;West_ASIA;R;False
Nishiyama_Kakeru;M;28;JPN;Est_Asia;1;Chibana_No_Kushanku;Shito;45,7;Final;TUR;West_ASIA;B;True
Taily_Helvetia;F;25;FRA;Europe;21;Gojushiho_Sho;Shotokan;39,2;Pool_1;EGY;North_Africa;R;False
Yamada_Nodoka;F;21;JPN;Europe;39;Kururunfa;Shito;40,6;Pool_1;EGY;North_Africa;B;True
Hesham_Aya;F;26;EGY;North_Africa;13;Gojushiho_Dai;Shotokan;39,6;Pool_1;EGY;North_Africa;R;True
Casale_Carol;F;25;ITA;Europe;33;Kururunfa;Shito;39,6;Pool_1;EGY;North_Africa;B;False
Yamada_Nodoka;F;21;JPN;Europe;39;Kousoukun_Dai;Shito;39,5;Pool_2;EGY;North_Africa;R;False
Hesham_Aya;F;26;EGY;North_Africa;13;Gojushiho_Sho;Shotokan;39,9;Pool_2;EGY;North_Africa;B;True
Taily_Helvetia;F;25;FRA;Europe;21;Gojushiho_Dai;Shotokan;39;Pool_2;EGY;North_Africa;R;False
Casale_Carol;F;25;ITA;Europe;33;Suparinpei;Shito;40;Pool_2;EGY;North_Africa;B;True
Taily_Helvetia;F;25;FRA;Europe;21;Unsu;Shotokan;39,1;Pool_3;EGY;North_Africa;R;False
Hesham_Aya;F;26;EGY;North_Africa;13;Unsu;Shotokan;39,5;Pool_3;EGY;North_Africa;B;True
Yamada_Nodoka;F;21;JPN;Europe;39;Papuren;Shito;39,5;Pool_3;EGY;North_Africa;R;False
Casale_Carol;F;25;ITA;Europe;33;Papuren;Shito;40,4;Pool_3;EGY;North_Africa;B;True
Tsiakmaki_Athina;F;16;GRE;Europe;24;Papuren;Shito;37,6;Pool_1;EGY;North_Africa;R;False
Armada_Ruiz_Andrea;F;24;VEN;South_Am;53;Ohan_Dai;Shito;38,8;Pool_1;EGY;North_Africa;B;True
Ono_Maho;F;25;JPN;Est_Asia;4;Papuren;Shito;40,5;Pool_1;EGY;North_Africa;R;True
Kokumai_Sakura;F;31;USA;North_Am;5;Papuren;Shito;39,7;Pool_1;EGY;North_Africa;B;False
Armada_Ruiz_Andrea;F;24;VEN;South_Am;53;Papuren;Shito;39,4;Pool_2;EGY;North_Africa;R;False
Ono_Maho;F;25;JPN;Est_Asia;4;Nipaipo;Shito;41,1;Pool_2;EGY;North_Africa;B;True
Tsiakmaki_Athina;F;16;GRE;Europe;24;Chibana_No_Kushanku;Shito;37,8;Pool_2;EGY;North_Africa;R;False
Kokumai_Sakura;F;31;USA;North_Am;5;Kururunfa;Shito;39;Pool_2;EGY;North_Africa;B;True
Tsiakmaki_Athina;F;16;GRE;Europe;24;Anan_Dai;Shito;38,2;Pool_3;EGY;North_Africa;R;False
Ono_Maho;F;25;JPN;Est_Asia;4;Chibana_No_Kushanku;Shito;41;Pool_3;EGY;North_Africa;B;True
Armada_Ruiz_Andrea;F;24;VEN;South_Am;53;Chibana_No_Kushanku;Shito;38,6;Pool_3;EGY;North_Africa;R;False
Kokumai_Sakura;F;31;USA;North_Am;5;Chatanyara_Kushanku;Shito;40,3;Pool_3;EGY;North_Africa;B;True
Manca_Chiara;F;19;BEL;Europe;22;Ohan_Dai;Shito;37,9;Pool_1;EGY;North_Africa;R;False
Azuma_Saeko;F;23;JPN;Est_Asia;9;Suparinpei;Shito;40,5;Pool_1;EGY;North_Africa;B;True
Bozan_Dilara;F;27;TUR;Europe;7;Kururunfa;Shito;40,6;Pool_1;EGY;North_Africa;R;True
Tung_Yee_Yin;F;36;HKG;Est_Asia;23;Ohan_Dai;Shito;38,7;Pool_1;EGY;North_Africa;B;False
Azuma_Saeko;F;23;JPN;Est_Asia;9;Chibana_No_Kushanku;Shito;40,5;Pool_2;EGY;North_Africa;R;True
Bozan_Dilara;F;27;TUR;Europe;7;Chatanyara_Kushanku;Shito;40,2;Pool_2;EGY;North_Africa;B;False
Manca_Chiara;F;19;BEL;Europe;22;Papuren;Shito;38,6;Pool_2;EGY;North_Africa;R;False
Tung_Yee_Yin;F;36;HKG;Est_Asia;23;Suparinpei;Shito;38,2;Pool_2;EGY;North_Africa;B;True
Manca_Chiara;F;19;BEL;Europe;22;Chatanyara_Kushanku;Shito;39,2;Pool_3;EGY;North_Africa;R;False
Bozan_Dilara;F;27;TUR;Europe;7;Papuren;Shito;40,8;Pool_3;EGY;North_Africa;B;True
Azuma_Saeko;F;23;JPN;Est_Asia;9;Papuren;Shito;41,4;Pool_3;EGY;North_Africa;R;True
Tung_Yee_Yin;F;36;HKG;Est_Asia;23;Papuren;Shito;39,2;Pool_3;EGY;North_Africa;B;False
Xenou_Georgia_Archontia;F;26;GRE;Europe;14;Papuren;Shito;39,1;Pool_1;EGY;North_Africa;R;True
Lo_Sum_Man;F;22;HKG;Est_Asia;36;Chibana_No_Kushanku;Shito;39;Pool_1;EGY;North_Africa;B;False
Feracci_Alexandra;F;31;FRA;Europe;45;Suparinpei;Shito;38,4;Pool_1;EGY;North_Africa;R;False
Ohuchi_Mirisa;F;22;JPN;Est_Asia;6;Unshu;Shito;38,7;Pool_1;EGY;North_Africa;B;True
Lo_Sum_Man;F;22;HKG;Est_Asia;36;Chatanyara_Kushanku;Shito;38,7;Pool_2;EGY;North_Africa;R;False
Feracci_Alexandra;F;31;FRA;Europe;45;Papuren;Shito;39,7;Pool_2;EGY;North_Africa;B;True
Xenou_Georgia_Archontia;F;26;GRE;Europe;14;Chibana_No_Kushanku;Shito;39,8;Pool_2;EGY;North_Africa;R;False
Ohuchi_Mirisa;F;22;JPN;Est_Asia;6;Suparinpei;Shito;39,8;Pool_2;EGY;North_Africa;B;True
Xenou_Georgia_Archontia;F;26;GRE;Europe;14;Chatanyara_Kushanku;Shito;39,9;Pool_3;EGY;North_Africa;R;True
Feracci_Alexandra;F;31;FRA;Europe;45;Chibana_No_Kushanku;Shito;38,7;Pool_3;EGY;North_Africa;B;False
Lo_Sum_Man;F;22;HKG;Est_Asia;36;Suparinpei;Shito;38,7;Pool_3;EGY;North_Africa;R;False
Ohuchi_Mirisa;F;22;JPN;Est_Asia;6;Chibana_No_Kushanku;Shito;40,8;Pool_3;EGY;North_Africa;B;True
Miskova_Veronika;F;31;CZE;Europe;28;Chibana_No_Kushanku;Shito;37,4;Pool_1;EGY;North_Africa;R;False
Juettner_Jasmin;F;31;GER;Europe;28;Suparinpei;Shotokan;37,7;Pool_1;EGY;North_Africa;B;True
Khamis_Jana;F;18;EGY;North_Africa;40;Unsu;Shotokan;38;Pool_1;EGY;North_Africa;R;False
Shimizu_Natsuki;F;26;JPN;Est_Asia;17;Kururunfa;Shito;40,3;Pool_1;EGY;North_Africa;B;True
Juettner_Jasmin;F;31;GER;Europe;28;Gojushiho_Dai;Shotokan;38,5;Pool_2;EGY;North_Africa;R;False
Khamis_Jana;F;18;EGY;North_Africa;40;Gojushiho_Sho;Shotokan;40,1;Pool_2;EGY;North_Africa;B;True
Miskova_Veronika;F;31;CZE;Europe;28;Matsumura_Bassai;Shito;38,2;Pool_2;EGY;North_Africa;R;False
Shimizu_Natsuki;F;26;JPN;Est_Asia;17;Chatanyara_Kushanku;Shito;39,7;Pool_2;EGY;North_Africa;B;True
Miskova_Veronika;F;31;CZE;Europe;28;Papuren;Shito;38,8;Pool_3;EGY;North_Africa;R;False
Khamis_Jana;F;18;EGY;North_Africa;40;Gojushiho_Dai;Shotokan;39,8;Pool_3;EGY;North_Africa;B;True
Juettner_Jasmin;F;31;GER;Europe;28;Gojushiho_Dai;Shotokan;39,2;Pool_3;EGY;North_Africa;R;False
Shimizu_Natsuki;F;26;JPN;Est_Asia;17;Suparinpei;Shito;41;Pool_3;EGY;North_Africa;B;True
Cruz_Ana;F;29;POR;Europe;15;Kururunfa;Shito;38,8;Pool_1;EGY;North_Africa;R;True
Wong_Sze_Man;F;31;HKG;Est_Asia;25;Papuren;Shito;38,7;Pool_1;EGY;North_Africa;B;False
Elezaby_Mariam;F;17;EGY;North_Africa;71;Unsu;Shotokan;37,8;Pool_1;EGY;North_Africa;R;False
Mishima_Kiri;F;23;JPN;Est_Asia;3;Papuren;Shito;40,3;Pool_1;EGY;North_Africa;B;True
Wong_Sze_Man;F;31;HKG;Est_Asia;25;Suparinpei;Shito;38,5;Pool_2;EGY;North_Africa;R;False
Elezaby_Mariam;F;17;EGY;North_Africa;71;Gojushiho_Dai;Shotokan;38,9;Pool_2;EGY;North_Africa;B;True
Cruz_Ana;F;29;POR;Europe;15;Papuren;Shito;39,3;Pool_2;EGY;North_Africa;R;False
Mishima_Kiri;F;23;JPN;Est_Asia;3;Chatanyara_Kushanku;Shito;41,4;Pool_2;EGY;North_Africa;B;True
Cruz_Ana;F;29;POR;Europe;15;Ohan_Dai;Shito;38,8;Pool_3;EGY;North_Africa;R;False
Elezaby_Mariam;F;17;EGY;North_Africa;71;Gojushiho_Sho;Shotokan;39,7;Pool_3;EGY;North_Africa;B;True
Wong_Sze_Man;F;31;HKG;Est_Asia;25;Kururunfa;Shito;38,5;Pool_3;EGY;North_Africa;R;False
Mishima_Kiri;F;23;JPN;Est_Asia;3;Paiku;Shito;40,9;Pool_3;EGY;North_Africa;B;True
Allam_Asmaa;F;23;EGY;North_Africa;54;Gojushiho_Dai;Shotokan;38,9;Pool_1;EGY;North_Africa;R;False
Donofrio_Terryana;F;27;ITA;Europe;10;Kururunfa;Shito;40;Pool_1;EGY;North_Africa;B;True
Hisami_Nakaji;F;20;JPN;Est_Asia;16;Paiku;Shito;40,4;Pool_1;EGY;North_Africa;R;True
Jay_Shirley;F;16;GER;Europe;19;Suparinpei;Shito;37,8;Pool_1;EGY;North_Africa;B;False
Donofrio_Terryana;F;27;ITA;Europe;10;Papuren;Shito;40,5;Pool_2;EGY;North_Africa;R;False
Hisami_Nakaji;F;20;JPN;Est_Asia;16;Papuren;Shito;41,6;Pool_2;EGY;North_Africa;B;True
Allam_Asmaa;F;23;EGY;North_Africa;54;Gojushiho_Sho;Shotokan;40;Pool_2;EGY;North_Africa;R;True
Jay_Shirley;F;16;GER;Europe;19;Chatanyara_Kushanku;Shito;37,7;Pool_2;EGY;North_Africa;B;False
Allam_Asmaa;F;23;EGY;North_Africa;54;Unsu;Shotokan;39;Pool_3;EGY;North_Africa;R;False
Hisami_Nakaji;F;20;JPN;Est_Asia;16;Kousoukun_Sho;Shito;40;Pool_3;EGY;North_Africa;B;True
Donofrio_Terryana;F;27;ITA;Europe;10;Oyadomari_No_Passai;Shito;40;Pool_3;EGY;North_Africa;R;True
Jay_Shirley;F;16;GER;Europe;19;Anan_Dai;Shito;38,5;Pool_3;EGY;North_Africa;B;False
Amato_Carolina;F;23;ITA;Europe;46;Anan;Shito;39,3;Pool_1;EGY;North_Africa;R;True
EnNesry_Aya;F;24;MAR;North_Africa;8;Gojushiho_Sho;Shotokan;38,2;Pool_1;EGY;North_Africa;B;False
Vanusanikova_Jana;F;24;SVK;Europe;62;Nipaipo;Shito;36,1;Pool_1;EGY;North_Africa;R;False
Lau_Mo_Sheung_Grace;F;32;HKG;Est_Asia;1;Tomari_Bassai;Shito;40,8;Pool_1;EGY;North_Africa;B;True
EnNesry_Aya;F;24;MAR;North_Africa;8;Gankaku;Shotokan;38;Pool_2;EGY;North_Africa;R;True
Vanusanikova_Jana;F;24;SVK;Europe;62;Papuren;Shito;35,7;Pool_2;EGY;North_Africa;B;False
Amato_Carolina;F;23;ITA;Europe;46;Suparinpei;Shito;38,3;Pool_2;EGY;North_Africa;R;False
Lau_Mo_Sheung_Grace;F;32;HKG;Est_Asia;1;Chibana_No_Kushanku;Shito;39,5;Pool_2;EGY;North_Africa;B;True
Amato_Carolina;F;23;ITA;Europe;46;Kururunfa;Shito;38,9;Pool_3;EGY;North_Africa;R;True
Vanusanikova_Jana;F;24;SVK;Europe;62;Ohan_Dai;Shito;36,3;Pool_3;EGY;North_Africa;B;False
EnNesry_Aya;F;24;MAR;North_Africa;8;Unsu;Shotokan;38,4;Pool_3;EGY;North_Africa;R;False
Lau_Mo_Sheung_Grace;F;32;HKG;Est_Asia;1;Suparinpei;Shito;42,4;Pool_3;EGY;North_Africa;B;True
Hesham_Aya;F;26;EGY;North_Africa;13;Kanku_Sho;Shotokan;40,8;R1;EGY;North_Africa;R;False
Ono_Maho;F;25;JPN;Est_Asia;4;Suparinpei;Shito;41,5;R1;EGY;North_Africa;B;True
Azuma_Saeko;F;23;JPN;Est_Asia;9;Oyadomari_No_Passai;Shito;41,8;R1;EGY;North_Africa;R;True
Ohuchi_Mirisa;F;22;JPN;Est_Asia;6;Papuren;Shito;40,7;R1;EGY;North_Africa;B;False
Shimizu_Natsuki;F;26;JPN;Est_Asia;17;Papuren;Shito;41,9;R1;EGY;North_Africa;R;False
Mishima_Kiri;F;23;JPN;Est_Asia;3;Suparinpei;Shito;43,1;R1;EGY;North_Africa;B;True
Hisami_Nakaji;F;20;JPN;Est_Asia;16;Chibana_No_Kushanku;Shito;42,2;R1;EGY;North_Africa;R;False
Lau_Mo_Sheung_Grace;F;32;HKG;Est_Asia;1;Papuren;Shito;43,9;R1;EGY;North_Africa;B;True
Ono_Maho;F;25;JPN;Est_Asia;4;Chatanyara_Kushanku;Shito;42,6;R2;EGY;North_Africa;R;True
Azuma_Saeko;F;23;JPN;Est_Asia;9;Chatanyara_Kushanku;Shito;42;R2;EGY;North_Africa;B;False
Mishima_Kiri;F;23;JPN;Est_Asia;3;Chibana_No_Kushanku;Shito;41,6;R2;EGY;North_Africa;R;True
Lau_Mo_Sheung_Grace;F;32;HKG;Est_Asia;1;Chatanyara_Kushanku;Shito;41,5;R2;EGY;North_Africa;B;False
Hesham_Aya;F;26;EGY;North_Africa;13;Sochin;Shotokan;41,3;Bronze;EGY;North_Africa;R;False
Azuma_Saeko;F;23;JPN;Est_Asia;9;Papuren;Shito;42,7;Bronze;EGY;North_Africa;B;True
Shimizu_Natsuki;F;26;JPN;Est_Asia;17;Kusanku;Shito;41,4;Bronze;EGY;North_Africa;R;False
Lau_Mo_Sheung_Grace;F;32;HKG;Est_Asia;1;Papuren;Shito;44,1;Bronze;EGY;North_Africa;B;True
Ono_Maho;F;25;JPN;Est_Asia;4;Papuren;Shito;42,5;Final;EGY;North_Africa;R;False
Mishima_Kiri;F;23;JPN;Est_Asia;3;Suparinpei;Shito;43;Final;EGY;North_Africa;B;True
Ujihara_Yuki;M;23;SUI;Europe;38;Kururunfa;Shito;40,6;Pool_1;EGY;North_Africa;R;False
Ngoan_Franck;M;24;FRA;Europe;35;Unsu;Shotokan;40,6;Pool_1;EGY;North_Africa;B;True
Tozaki_Gakuji;M;32;USA;North_Am;27;Anan;Shito;41,3;Pool_1;EGY;North_Africa;R;False
Moto_Ryuji;M;26;JPN;Est_Asia;10;Sochin;Shotokan;41,6;Pool_1;EGY;North_Africa;B;True
Ngoan_Franck;M;24;FRA;Europe;35;Gojushiho_Sho;Shotokan;39,9;Pool_2;EGY;North_Africa;R;False
Tozaki_Gakuji;M;32;USA;North_Am;27;Suparinpei;Shito;40,7;Pool_2;EGY;North_Africa;B;True
Ujihara_Yuki;M;23;SUI;Europe;38;Suparinpei;Shito;39,4;Pool_2;EGY;North_Africa;R;False
Moto_Ryuji;M;26;JPN;Est_Asia;10;Enpi;Shotokan;40,7;Pool_2;EGY;North_Africa;B;True
Ujihara_Yuki;M;23;SUI;Europe;38;Papuren;Shito;40,1;Pool_3;EGY;North_Africa;R;False
Tozaki_Gakuji;M;32;USA;North_Am;27;Ohan_Dai;Shito;41,5;Pool_3;EGY;North_Africa;B;True
Ngoan_Franck;M;24;FRA;Europe;35;Sochin;Shotokan;39,4;Pool_3;EGY;North_Africa;R;False
Moto_Ryuji;M;26;JPN;Est_Asia;10;Gojushiho_Sho;Shotokan;41,2;Pool_3;EGY;North_Africa;B;True
Kikuchi_Ryonosuke;M;24;JPN;Est_Asia;12;Ohan_Dai;Shito;40,6;Pool_1;EGY;North_Africa;R;True
Fedorov_Yaroslav;M;20;UKR;Europe;43;Anan_Dai;Shito;39,3;Pool_1;EGY;North_Africa;B;False
Chinen_Rey;M;24;USA;North_Am;18;Papuren;Shito;40,3;Pool_1;EGY;North_Africa;R;False
Sofuoglu_Ali;M;29;TUR;Europe;3;Sochin;Shotokan;41,2;Pool_1;EGY;North_Africa;B;True
Fedorov_Yaroslav;M;20;UKR;Europe;43;Ohan_Dai;Shito;39,7;Pool_2;EGY;North_Africa;R;False
Chinen_Rey;M;24;USA;North_Am;18;Anan_Dai;Shito;40,1;Pool_2;EGY;North_Africa;B;True
Kikuchi_Ryonosuke;M;24;JPN;Est_Asia;12;Anan;Shito;41,2;Pool_2;EGY;North_Africa;R;False
Sofuoglu_Ali;M;29;TUR;Europe;3;Gojushiho_Dai;Shotokan;42,1;Pool_2;EGY;North_Africa;B;True
Kikuchi_Ryonosuke;M;24;JPN;Est_Asia;12;Sochin;Shotokan;41;Pool_3;EGY;North_Africa;R;False
Chinen_Rey;M;24;USA;North_Am;18;Suparinpei;Shito;41,3;Pool_3;EGY;North_Africa;B;True
Fedorov_Yaroslav;M;20;UKR;Europe;43;Anan;Shito;39,6;Pool_3;EGY;North_Africa;R;False
Sofuoglu_Ali;M;29;TUR;Europe;3;Nijushiho;Shotokan;41,5;Pool_3;EGY;North_Africa;B;True
Grazia_Manuel;M;21;ITA;Europe;53;Ohan;Shito;38,5;Pool_1;EGY;North_Africa;R;True
Abu_Alhaija_Kareem;M;17;JOR;M_O;262;Kanku_Sho;Shotokan;37,8;Pool_1;EGY;North_Africa;B;False
Sato_Yuki;M;25;JPN;Est_Asia;25;Papuren;Shito;40;Pool_1;EGY;North_Africa;R;False
Ozdemir_Enes;M;22;TUR;Europe;17;Gojushiho_Dai;Shotokan;40,5;Pool_1;EGY;North_Africa;B;True
Abu_Alhaija_Kareem;M;17;JOR;M_O;262;Gojushiho_Sho;Shotokan;37,7;Pool_2;EGY;North_Africa;R;False
Sato_Yuki;M;25;JPN;Est_Asia;25;Anan;Shito;40,2;Pool_2;EGY;North_Africa;B;True
Grazia_Manuel;M;21;ITA;Europe;53;Anan_Dai;Shito;39;Pool_2;EGY;North_Africa;R;False
Ozdemir_Enes;M;22;TUR;Europe;17;Gojushiho_Sho;Shotokan;41,5;Pool_2;EGY;North_Africa;B;True
Grazia_Manuel;M;21;ITA;Europe;53;Ohan_Dai;Shito;38,8;Pool_3;EGY;North_Africa;R;False
Sato_Yuki;M;25;JPN;Est_Asia;25;Suparinpei;Shito;40,6;Pool_3;EGY;North_Africa;B;True
Abu_Alhaija_Kareem;M;17;JOR;M_O;262;Unsu;Shotokan;36,6;Pool_3;EGY;North_Africa;R;False
Ozdemir_Enes;M;22;TUR;Europe;17;Sochin;Shotokan;41,3;Pool_3;EGY;North_Africa;B;True
Panagia_Giuseppe;M;25;ITA;Europe;84;Gojushiho_Dai;Shotokan;39,5;Pool_1;EGY;North_Africa;R;True
Nagy_Botond;M;29;HUN;Europe;23;Paiku;Shito;38,8;Pool_1;EGY;North_Africa;B;False
Machida_Yasuhiro;M;25;JPN;Est_Asia;14;Papuren;Shito;41,2;Pool_1;EGY;North_Africa;R;False
Torres_Gutierrez_Ariel;M;26;USA;North_Am;2;Ohan_Dai;Shito;41,9;Pool_1;EGY;North_Africa;B;True
Nagy_Botond;M;29;HUN;Europe;23;Ohan_Dai;Shito;38,5;Pool_2;EGY;North_Africa;R;False
Machida_Yasuhiro;M;25;JPN;Est_Asia;14;Suparinpei;Shito;41,3;Pool_2;EGY;North_Africa;B;True
Panagia_Giuseppe;M;25;ITA;Europe;84;Gankaku;Shotokan;38,5;Pool_2;EGY;North_Africa;R;False
Torres_Gutierrez_Ariel;M;26;USA;North_Am;2;Kururunfa;Shito;42;Pool_2;EGY;North_Africa;B;True
Panagia_Giuseppe;M;25;ITA;Europe;84;Gojushiho_Sho;Shotokan;38,7;Pool_3;EGY;North_Africa;R;False
Machida_Yasuhiro;M;25;JPN;Est_Asia;14;Anan_Dai;Shito;40,7;Pool_3;EGY;North_Africa;B;True
Nagy_Botond;M;29;HUN;Europe;23;Anan_Dai;Shito;40;Pool_3;EGY;North_Africa;R;False
Torres_Gutierrez_Ariel;M;26;USA;North_Am;2;Ohan;Shito;42;Pool_3;EGY;North_Africa;B;True
Gallo_Gianluca;M;27;ITA;Europe;57;Gojushiho_Sho;Shotokan;39,8;Pool_1;EGY;North_Africa;R;False
Hung_Ho_Wai_Howard;M;31;HKG;Est_Asia;21;Ohan;Shito;40,3;Pool_1;EGY;North_Africa;B;True
Funada_Aoi;M;22;JPN;Est_Asia;11;Papuren;Shito;40,8;Pool_1;EGY;North_Africa;R;True
Bardos_Adam;M;19;HUN;Europe;46;Anan;Shito;37,9;Pool_1;EGY;North_Africa;B;False
Hung_Ho_Wai_Howard;M;31;HKG;Est_Asia;21;Chibana_No_Kushanku;Shito;39,8;Pool_2;EGY;North_Africa;R;False
Funada_Aoi;M;22;JPN;Est_Asia;11;Unshu;Shito;41,5;Pool_2;EGY;North_Africa;B;True
Gallo_Gianluca;M;27;ITA;Europe;57;Gojushiho_Dai;Shotokan;39,4;Pool_2;EGY;North_Africa;R;True
Bardos_Adam;M;19;HUN;Europe;46;Ohan_Dai;Shito;38,6;Pool_2;EGY;North_Africa;B;False
Gallo_Gianluca;M;27;ITA;Europe;57;Kanku_Sho;Shotokan;37,9;Pool_3;EGY;North_Africa;R;False
Funada_Aoi;M;22;JPN;Est_Asia;11;Suparinpei;Shito;41,3;Pool_3;EGY;North_Africa;B;True
Hung_Ho_Wai_Howard;M;31;HKG;Est_Asia;21;Ohan_Dai;Shito;39,7;Pool_3;EGY;North_Africa;R;True
Bardos_Adam;M;19;HUN;Europe;46;Suparinpei;Shito;38,3;Pool_3;EGY;North_Africa;B;False
Comanescu_Petru;M;20;ROU;Europe;45;Unsu;Shotokan;39,6;Pool_1;EGY;North_Africa;R;False
Hussain_Mohammad;M;27;KUW;M_O;19;Gojushiho_Dai;Shotokan;39,8;Pool_1;EGY;North_Africa;B;True
Hrcka_Roman;M;20;SVK;Europe;29;Ohan;Shito;38,7;Pool_1;EGY;North_Africa;R;False
Moto_Kazumasa;M;28;JPN;Est_Asia;4;Sochin;Shotokan;41,8;Pool_1;EGY;North_Africa;B;True
Hussain_Mohammad;M;27;KUW;M_O;19;Unsu;Shotokan;39,7;Pool_2;EGY;North_Africa;R;True
Hrcka_Roman;M;20;SVK;Europe;29;Nipaipo;Shito;39,6;Pool_2;EGY;North_Africa;B;False
Comanescu_Petru;M;20;ROU;Europe;45;Gojushiho_Sho;Shotokan;40,1;Pool_2;EGY;North_Africa;R;False
Moto_Kazumasa;M;28;JPN;Est_Asia;4;Enpi;Shotokan;41,9;Pool_2;EGY;North_Africa;B;True
Comanescu_Petru;M;20;ROU;Europe;45;Kanku_Sho;Shotokan;40,3;Pool_3;EGY;North_Africa;R;True
Hrcka_Roman;M;20;SVK;Europe;29;Papuren;Shito;39,8;Pool_3;EGY;North_Africa;B;False
Hussain_Mohammad;M;27;KUW;M_O;19;Gojushiho_Sho;Shotokan;40,8;Pool_3;EGY;North_Africa;R;False
Moto_Kazumasa;M;28;JPN;Est_Asia;4;Gojushiho_Dai;Shotokan;41,4;Pool_3;EGY;North_Africa;B;True
Polsinelli_Guido;M;19;ITA;Europe;77;Gojushiho_Sho;Shotokan;40,1;Pool_1;EGY;North_Africa;R;False
Ikeda_Ryusei;M;25;JPN;Est_Asia;7;Ohan;Shito;41,9;Pool_1;EGY;North_Africa;B;True
Almosawi_Sayed_Salman;M;29;KUW;M_O;36;Gojushiho_Sho;Shotokan;39,8;Pool_1;EGY;North_Africa;R;False
Abe_Sakichi;M;21;JPN;Est_Asia;8;Anan;Shito;42,3;Pool_1;EGY;North_Africa;B;True
Ikeda_Ryusei;M;25;JPN;Est_Asia;7;Anan_Dai;Shito;41,9;Pool_2;EGY;North_Africa;R;True
Almosawi_Sayed_Salman;M;29;KUW;M_O;36;Kanku_Sho;Shotokan;40,1;Pool_2;EGY;North_Africa;B;False
Polsinelli_Guido;M;19;ITA;Europe;77;Unsu;Shotokan;40,2;Pool_2;EGY;North_Africa;R;False
Abe_Sakichi;M;21;JPN;Est_Asia;8;Suparinpei;Shito;42,6;Pool_2;EGY;North_Africa;B;True
Polsinelli_Guido;M;19;ITA;Europe;77;Sansai;Shotokan;39,4;Pool_3;EGY;North_Africa;R;False
Almosawi_Sayed_Salman;M;29;KUW;M_O;36;Unsu;Shotokan;40,3;Pool_3;EGY;North_Africa;B;True
Ikeda_Ryusei;M;25;JPN;Est_Asia;7;Ohan_Dai;Shito;41,4;Pool_3;EGY;North_Africa;R;False
Abe_Sakichi;M;21;JPN;Est_Asia;8;Ohan;Shito;42,5;Pool_3;EGY;North_Africa;B;True
Ghinami_Alessio;M;21;ITA;Europe;9;Kanku_Sho;Shotokan;41,1;Pool_1;EGY;North_Africa;R;True
Almosawi_Sayed_Mohammed;M;29;KUW;M_O;25;Unsu;Shotokan;39,6;Pool_1;EGY;North_Africa;B;False
Ghinami_Alessio;M;21;ITA;Europe;9;Kanku_Sho;Shotokan;41,2;Pool_2;EGY;North_Africa;R;False
Nishiyama_Kakeru;M;28;JPN;Est_Asia;1;Shisochin;Shito;43;Pool_1;EGY;North_Africa;B;True
Almosawi_Sayed_Mohammed;M;29;KUW;M_O;25;Kanku_Sho;Shotokan;39,2;Pool_2;EGY;North_Africa;R;False
Nishiyama_Kakeru;M;28;JPN;Est_Asia;1;Seisan;Shito;42,8;Pool_2;EGY;North_Africa;B;True
Moto_Ryuji;M;26;JPN;Est_Asia;10;Unsu;Shotokan;42;R1;EGY;North_Africa;R;False
Sofuoglu_Ali;M;29;TUR;Europe;3;Kanku_Sho;Shotokan;42,5;R1;EGY;North_Africa;B;True
Ozdemir_Enes;M;22;TUR;Europe;17;Unsu;Shotokan;42,4;R1;EGY;North_Africa;R;False
Torres_Gutierrez_Ariel;M;26;USA;North_Am;2;Anan;Shito;42,9;R1;EGY;North_Africa;B;True
Funada_Aoi;M;22;JPN;Est_Asia;11;Chatanyara_Kushanku;Shito;42,5;R1;EGY;North_Africa;R;True
Moto_Kazumasa;M;28;JPN;Est_Asia;4;Unsu;Shotokan;41,9;R1;EGY;North_Africa;B;False
Abe_Sakichi;M;21;JPN;Est_Asia;8;Anan_Dai;Shito;42,4;R1;EGY;North_Africa;R;False
Nishiyama_Kakeru;M;28;JPN;Est_Asia;1;Papuren;Shito;44,5;R1;EGY;North_Africa;B;True
Sofuoglu_Ali;M;29;TUR;Europe;3;Gojushiho_Sho;Shotokan;43,5;R2;EGY;North_Africa;R;True
Torres_Gutierrez_Ariel;M;26;USA;North_Am;2;Anan_Dai;Shito;43;R2;EGY;North_Africa;B;False
Funada_Aoi;M;22;JPN;Est_Asia;11;Chibana_No_Kushanku;Shito;42,5;R2;EGY;North_Africa;R;False
Nishiyama_Kakeru;M;28;JPN;Est_Asia;1;Suparinpei;Shito;43,4;R2;EGY;North_Africa;B;True
Moto_Ryuji;M;26;JPN;Est_Asia;10;Jitte;Shotokan;42,4;Bronze;EGY;North_Africa;R;False
Torres_Gutierrez_Ariel;M;26;USA;North_Am;2;Ohan_Dai;Shito;44,4;Bronze;EGY;North_Africa;B;True
Abe_Sakichi;M;21;JPN;Est_Asia;8;Ohan_Dai;Shito;42,9;Bronze;EGY;North_Africa;R;False
Funada_Aoi;M;22;JPN;Est_Asia;11;Chatanyara_Kushanku;Shito;43,2;Bronze;EGY;North_Africa;B;True
Sofuoglu_Ali;M;29;TUR;Europe;3;Gojushiho_Dai;Shotokan;43,6;Final;EGY;North_Africa;R;False
Nishiyama_Kakeru;M;28;JPN;Est_Asia;1;Chibana_No_Kushanku;Shito;45,3;Final;EGY;North_Africa;B;True
Hisami_Nakaji;F;20;JPN;Est_Asia;16;Papuren;Shito;40,2;Pool_1;MAR;North_Africa;R;True
Donofrio_Terryana;F;27;ITA;Europe;10;Suparinpei;Shito;38,9;Pool_1;MAR;North_Africa;B;False
Armada_Ruiz_Andrea;F;24;VEN;South_Am;53;Ohan_Dai;Shito;37,9;Pool_1;MAR;North_Africa;R;False
Putri_Aprilia_Krisda;F;25;INA;Est_Asia;34;Ohan_Dai;Shito;38,7;Pool_1;MAR;North_Africa;B;True
Donofrio_Terryana;F;27;ITA;Europe;10;Anan;Shito;38,5;Pool_2;MAR;North_Africa;R;False
Armada_Ruiz_Andrea;F;24;VEN;South_Am;53;Papuren;Shito;38,5;Pool_2;MAR;North_Africa;B;True
Hisami_Nakaji;F;20;JPN;Est_Asia;16;Paiku;Shito;40,3;Pool_2;MAR;North_Africa;R;True
Putri_Aprilia_Krisda;F;25;INA;Est_Asia;34;Suparinpei;Shito;38,7;Pool_2;MAR;North_Africa;B;False
Hisami_Nakaji;F;20;JPN;Est_Asia;16;Kousoukun_Sho;Shito;41,3;Pool_3;MAR;North_Africa;R;True
Armada_Ruiz_Andrea;F;24;VEN;South_Am;53;Chibana_No_Kushanku;Shito;37,8;Pool_3;MAR;North_Africa;B;False
Donofrio_Terryana;F;27;ITA;Europe;10;Kururunfa;Shito;39,4;Pool_3;MAR;North_Africa;R;False
Putri_Aprilia_Krisda;F;25;INA;Est_Asia;34;Papuren;Shito;39,4;Pool_3;MAR;North_Africa;B;True
Lo_Sum_Man;F;22;HKG;Est_Asia;36;Papuren;Shito;39,9;Pool_1;MAR;North_Africa;R;True
Juettner_Jasmin;F;31;GER;Europe;28;Gojushiho_Dai;Shotokan;39,3;Pool_1;MAR;North_Africa;B;False
Laos_Loo_Claudia;F;26;CAN;North_Am;41;Chatanyara_Kushanku;Shito;39,1;Pool_1;MAR;North_Africa;R;False
Ohuchi_Mirisa;F;22;JPN;Est_Asia;6;Unshu;Shito;40,9;Pool_1;MAR;North_Africa;B;True
Juettner_Jasmin;F;31;GER;Europe;28;Sansai;Shotokan;39,7;Pool_2;MAR;North_Africa;R;True
Laos_Loo_Claudia;F;26;CAN;North_Am;41;Suparinpei;Shito;39,4;Pool_2;MAR;North_Africa;B;False
Lo_Sum_Man;F;22;HKG;Est_Asia;36;Suparinpei;Shito;40,5;Pool_2;MAR;North_Africa;R;False
Ohuchi_Mirisa;F;22;JPN;Est_Asia;6;Chibana_No_Kushanku;Shito;41,7;Pool_2;MAR;North_Africa;B;True
Lo_Sum_Man;F;22;HKG;Est_Asia;36;Chatanyara_Kushanku;Shito;39,4;Pool_3;MAR;North_Africa;R;False
Laos_Loo_Claudia;F;26;CAN;North_Am;41;Papuren;Shito;40,3;Pool_3;MAR;North_Africa;B;True
Juettner_Jasmin;F;31;GER;Europe;28;Gojushiho_Sho;Shotokan;38,4;Pool_3;MAR;North_Africa;R;False
Ohuchi_Mirisa;F;22;JPN;Est_Asia;6;Suparinpei;Shito;41,2;Pool_3;MAR;North_Africa;B;True
Mishima_Kiri;F;23;JPN;Est_Asia;3;Papuren;Shito;41,4;Pool_1;MAR;North_Africa;R;True
Bozan_Dilara;F;27;TUR;Europe;7;Chatanyara_Kushanku;Shito;40,3;Pool_1;MAR;North_Africa;B;False
Taily_Helvetia;F;25;FRA;Europe;21;Unsu;Shotokan;39,2;Pool_1;MAR;North_Africa;R;True
Morales_Ozuna_Gema;F;28;ESP;Europe;32;Chatanyara_Kushanku;Shito;38,9;Pool_1;MAR;North_Africa;B;False
Bozan_Dilara;F;27;TUR;Europe;7;Papuren;Shito;40,5;Pool_2;MAR;North_Africa;R;True
Taily_Helvetia;F;25;FRA;Europe;21;Gojushiho_Sho;Shotokan;39,6;Pool_2;MAR;North_Africa;B;False
Mishima_Kiri;F;23;JPN;Est_Asia;3;Chatanyara_Kushanku;Shito;42,3;Pool_2;MAR;North_Africa;R;True
Morales_Ozuna_Gema;F;28;ESP;Europe;32;Chibana_No_Kushanku;Shito;39,2;Pool_2;MAR;North_Africa;B;False
Mishima_Kiri;F;23;JPN;Est_Asia;3;Paiku;Shito;42,8;Pool_3;MAR;North_Africa;R;True
Taily_Helvetia;F;25;FRA;Europe;21;Gojushiho_Dai;Shotokan;39,7;Pool_3;MAR;North_Africa;B;False
Bozan_Dilara;F;27;TUR;Europe;7;Kururunfa;Shito;41,2;Pool_3;MAR;North_Africa;R;True
Morales_Ozuna_Gema;F;28;ESP;Europe;32;Kishimoto_No_Kushanku;Shito;39,5;Pool_3;MAR;North_Africa;B;False
Wong_Sze_Man;F;31;HKG;Est_Asia;25;Papuren;Shito;40,6;Pool_1;MAR;North_Africa;R;False
Yamada_Nodoka;F;21;JPN;Est_Asia;39;Kururunfa;Shito;40,9;Pool_1;MAR;North_Africa;B;True
Wong_Sze_Man;F;31;HKG;Est_Asia;25;Kururunfa;Shito;40,4;Pool_2;MAR;North_Africa;R;False
Kokumai_Sakura;F;31;USA;North_Am;5;Kururunfa;Shito;41,2;Pool_1;MAR;North_Africa;B;True
Yamada_Nodoka;F;21;JPN;Est_Asia;39;Papuren;Shito;39,8;Pool_2;MAR;North_Africa;R;False
Kokumai_Sakura;F;31;USA;North_Am;5;Papuren;Shito;40,7;Pool_2;MAR;North_Africa;B;True
EnNesry_Aya;F;24;MAR;North_Africa;8;Unsu;Shotokan;38,2;Pool_1;MAR;North_Africa;R;False
Azuma_Saeko;F;23;JPN;Est_Asia;9;Chatanyara_Kushanku;Shito;40,2;Pool_1;MAR;North_Africa;B;True
Feracci_Alexandra;F;31;FRA;Europe;45;Kururunfa;Shito;38,5;Pool_1;MAR;North_Africa;R;False
Khamis_Jana;F;18;EGY;North_Africa;40;Gojushiho_Dai;Shotokan;38,6;Pool_1;MAR;North_Africa;B;True
Azuma_Saeko;F;23;JPN;Est_Asia;9;Suparinpei;Shito;41,2;Pool_2;MAR;North_Africa;R;True
Feracci_Alexandra;F;31;FRA;Europe;45;Papuren;Shito;39,1;Pool_2;MAR;North_Africa;B;False
EnNesry_Aya;F;24;MAR;North_Africa;8;Gojushiho_Sho;Shotokan;39,2;Pool_2;MAR;North_Africa;R;True
Khamis_Jana;F;18;EGY;North_Africa;40;Gojushiho_Sho;Shotokan;39,1;Pool_2;MAR;North_Africa;B;False
EnNesry_Aya;F;24;MAR;North_Africa;8;Gankaku;Shotokan;39,8;Pool_3;MAR;North_Africa;R;True
Feracci_Alexandra;F;31;FRA;Europe;45;Suparinpei;Shito;39,8;Pool_3;MAR;North_Africa;B;False
Azuma_Saeko;F;23;JPN;Est_Asia;9;Chibana_No_Kushanku;Shito;42;Pool_3;MAR;North_Africa;R;True
Khamis_Jana;F;18;EGY;North_Africa;40;Kanku_Sho;Shotokan;40;Pool_3;MAR;North_Africa;B;False
Cruz_Ana;F;29;POR;Europe;15;Kururunfa;Shito;38,6;Pool_1;MAR;North_Africa;R;False
Manca_Chiara;F;19;BEL;Europe;22;Papuren;Shito;38,6;Pool_1;MAR;North_Africa;B;True
Casale_Carol;F;25;ITA;Europe;33;Chibana_No_Kushanku;Shito;39,7;Pool_1;MAR;North_Africa;R;False
Ono_Maho;F;25;JPN;Est_Asia;4;Papuren;Shito;41,5;Pool_1;MAR;North_Africa;B;True
Manca_Chiara;F;19;BEL;Europe;22;Chatanyara_Kushanku;Shito;40;Pool_2;MAR;North_Africa;R;False
Casale_Carol;F;25;ITA;Europe;33;Papuren;Shito;41,2;Pool_2;MAR;North_Africa;B;True
Cruz_Ana;F;29;POR;Europe;15;Suparinpei;Shito;39,3;Pool_2;MAR;North_Africa;R;False
Ono_Maho;F;25;JPN;Est_Asia;4;Suparinpei;Shito;41,8;Pool_2;MAR;North_Africa;B;True
Cruz_Ana;F;29;POR;Europe;15;Papuren;Shito;40,5;Pool_3;MAR;North_Africa;R;False
Casale_Carol;F;25;ITA;Europe;33;Oyadomari_No_Passai;Shito;40,8;Pool_3;MAR;North_Africa;B;True
Manca_Chiara;F;19;BEL;Europe;22;Suparinpei;Shito;38,9;Pool_3;MAR;North_Africa;R;False
Ono_Maho;F;25;JPN;Est_Asia;4;Nipaipo;Shito;41,5;Pool_3;MAR;North_Africa;B;True
Tung_Yee_Yin;F;36;HKG;Est_Asia;23;Kururunfa;Shito;37,9;Pool_1;MAR;North_Africa;R;True
Amato_Carolina;F;23;ITA;Europe;46;Anan;Shito;37;Pool_1;MAR;North_Africa;B;False
Jay_Shirley;F;16;GER;Europe;19;Suparinpei;Shito;36,4;Pool_1;MAR;North_Africa;R;False
Xenou_Georgia_Archontia;F;27;GRE;Europe;14;Anan_Dai;Shito;38,3;Pool_1;MAR;North_Africa;B;True
Amato_Carolina;F;23;ITA;Europe;46;Kururunfa;Shito;38,8;Pool_2;MAR;North_Africa;R;True
Jay_Shirley;F;16;GER;Europe;19;Chibana_No_Kushanku;Shito;38,2;Pool_2;MAR;North_Africa;B;False
Tung_Yee_Yin;F;36;HKG;Est_Asia;23;Papuren;Shito;39,1;Pool_2;MAR;North_Africa;R;True
Xenou_Georgia_Archontia;F;27;GRE;Europe;14;Papuren;Shito;38,8;Pool_2;MAR;North_Africa;B;False
Tung_Yee_Yin;F;36;HKG;Est_Asia;23;Suparinpei;Shito;39,3;Pool_3;MAR;North_Africa;R;True
Jay_Shirley;F;16;GER;Europe;19;Chatanyara_Kushanku;Shito;37,2;Pool_3;MAR;North_Africa;B;False
Amato_Carolina;F;23;ITA;Europe;46;Suparinpei;Shito;38,8;Pool_3;MAR;North_Africa;R;False
Xenou_Georgia_Archontia;F;27;GRE;Europe;14;Chibana_No_Kushanku;Shito;39,9;Pool_3;MAR;North_Africa;B;True
Shimizu_Natsuki;F;26;JPN;Est_Asia;17;Kururunfa;Shito;41,1;Pool_1;MAR;North_Africa;R;True
Alforte_Sakura;F;21;PHI;Est_Asia;18;Anan_Dai;Shito;38,6;Pool_1;MAR;North_Africa;B;False
Shimizu_Natsuki;F;26;JPN;Est_Asia;17;Papuren;Shito;40,6;Pool_2;MAR;North_Africa;R;False
Lau_Mo_Sheung_Grace;F;32;HKG;Est_Asia;1;Suparinpei;Shito;41,6;Pool_1;MAR;North_Africa;B;True
Alforte_Sakura;F;21;PHI;Est_Asia;18;Ohan_Dai;Shito;39,1;Pool_2;MAR;North_Africa;R;False
Lau_Mo_Sheung_Grace;F;32;HKG;Est_Asia;1;Tomari_Bassai;Shito;40,4;Pool_2;MAR;North_Africa;B;True
Hisami_Nakaji;F;20;JPN;Est_Asia;16;Chibana_No_Kushanku;Shito;41,2;R1;MAR;North_Africa;R;False
Ohuchi_Mirisa;F;22;JPN;Est_Asia;6;Chatanyara_Kushanku;Shito;41,7;R1;MAR;North_Africa;B;True
Mishima_Kiri;F;23;JPN;Est_Asia;3;Suparinpei;Shito;42,7;R1;MAR;North_Africa;R;True
Kokumai_Sakura;F;31;USA;North_Am;5;Chibana_No_Kushanku;Shito;40,8;R1;MAR;North_Africa;B;False
Azuma_Saeko;F;23;JPN;Est_Asia;9;Papuren;Shito;42,3;R1;MAR;North_Africa;R;False
Ono_Maho;F;25;JPN;Est_Asia;4;Chatanyara_Kushanku;Shito;42,8;R1;MAR;North_Africa;B;True
Tung_Yee_Yin;F;36;HKG;Est_Asia;23;Paiku;Shito;40,1;R1;MAR;North_Africa;R;False
Lau_Mo_Sheung_Grace;F;32;HKG;Est_Asia;1;Chibana_No_Kushanku;Shito;42;R1;MAR;North_Africa;B;True
Ohuchi_Mirisa;F;22;JPN;Est_Asia;6;Papuren;Shito;42,3;R2;MAR;North_Africa;R;True
Mishima_Kiri;F;23;JPN;Est_Asia;3;Chibana_No_Kushanku;Shito;42,3;R2;MAR;North_Africa;B;False
Ono_Maho;F;25;JPN;Est_Asia;4;Chibana_No_Kushanku;Shito;43,2;R2;MAR;North_Africa;R;True
Lau_Mo_Sheung_Grace;F;36;HKG;Est_Asia;23;Papuren;Shito;42,6;R2;MAR;North_Africa;B;False
Hisami_Nakaji;F;20;JPN;Est_Asia;16;Chatanyara_Kushanku;Shito;43,1;Bronze;MAR;North_Africa;R;False
Mishima_Kiri;F;23;JPN;Est_Asia;3;Suparinpei;Shito;44,8;Bronze;MAR;North_Africa;B;True
Azuma_Saeko;F;23;JPN;Est_Asia;9;Oyadomari_No_Passai;Shito;42,6;Bronze;MAR;North_Africa;R;False
Lau_Mo_Sheung_Grace;F;32;HKG;Est_Asia;1;Chatanyara_Kushanku;Shito;43,2;Bronze;MAR;North_Africa;B;True
Ohuchi_Mirisa;F;22;JPN;Est_Asia;6;Chatanyara_Kushanku;Shito;42,7;Final;MAR;North_Africa;R;False
Ono_Maho;F;25;JPN;Est_Asia;4;Chatanyara_Kushanku;Shito;43,7;Final;MAR;North_Africa;B;True
Martin_Romero_Raul;M;22;ESP;Europe;67;Anan;Shito;38,8;Pool_1;MAR;North_Africa;R;True
Bardos_Adam;M;19;HUN;Europe;46;Anan_Dai;Shito;37,6;Pool_1;MAR;North_Africa;B;False
Busato_Mattia;M;31;ITA;Europe;16;Gojushiho_Sho;Shotokan;39,8;Pool_1;MAR;North_Africa;R;False
Abe_Sakichi;M;21;JPN;Est_Asia;8;Ohan;Shito;41,2;Pool_1;MAR;North_Africa;B;True
Bardos_Adam;M;19;HUN;Europe;46;Ohan_Dai;Shito;39,8;Pool_2;MAR;North_Africa;R;False
Busato_Mattia;M;31;ITA;Europe;16;Unsu;Shotokan;40,5;Pool_2;MAR;North_Africa;B;True
Martin_Romero_Raul;M;22;ESP;Europe;67;Chibana_No_Kushanku;Shito;39,9;Pool_2;MAR;North_Africa;R;False
Abe_Sakichi;M;21;JPN;Est_Asia;8;Anan;Shito;41,6;Pool_2;MAR;North_Africa;B;True
Martin_Romero_Raul;M;22;ESP;Europe;67;Chatanyara_Kushanku;Shito;39,8;Pool_3;MAR;North_Africa;R;False
Busato_Mattia;M;31;ITA;Europe;16;Gojushiho_Dai;Shotokan;41,5;Pool_3;MAR;North_Africa;B;True
Bardos_Adam;M;19;HUN;Europe;46;Suparinpei;Shito;39,2;Pool_3;MAR;North_Africa;R;False
Abe_Sakichi;M;21;JPN;Est_Asia;8;Suparinpei;Shito;42,6;Pool_3;MAR;North_Africa;B;True
Lamoum_Tijani;M;16;MAR;North_Africa;52;Gojushiho_Sho;Shotokan;39;Pool_1;MAR;North_Africa;R;True
Vu_Anthony;M;18;SWE;Europe;15;Anan_Dai;Shito;38,8;Pool_1;MAR;North_Africa;B;False
Ikeda_Ryusei;M;25;JPN;Est_Asia;7;Ohan_Dai;Shito;41,5;Pool_1;MAR;North_Africa;R;True
Sofuoglu_Ali;M;29;TUR;Europe;3;Gojushiho_Dai;Shotokan;41,3;Pool_1;MAR;North_Africa;B;False
Vu_Anthony;M;18;SWE;Europe;15;Chibana_No_Kushanku;Shito;39,5;Pool_2;MAR;North_Africa;R;False
Ikeda_Ryusei;M;25;JPN;Est_Asia;7;Anan;Shito;41,6;Pool_2;MAR;North_Africa;B;True
Lamoum_Tijani;M;16;MAR;North_Africa;52;Unsu;Shotokan;39,5;Pool_2;MAR;North_Africa;R;False
Sofuoglu_Ali;M;29;TUR;Europe;3;Gojushiho_Sho;Shotokan;41,9;Pool_2;MAR;North_Africa;B;True
Lamoum_Tijani;M;16;MAR;North_Africa;52;Kanku_Sho;Shotokan;39,1;Pool_3;MAR;North_Africa;R;False
Ikeda_Ryusei;M;25;JPN;Est_Asia;7;Suparinpei;Shito;41,1;Pool_3;MAR;North_Africa;B;True
Vu_Anthony;M;18;SWE;Europe;15;Ohan_Dai;Shito;39,4;Pool_3;MAR;North_Africa;R;False
Sofuoglu_Ali;M;29;TUR;Europe;3;Nijushiho;Shotokan;40,4;Pool_3;MAR;North_Africa;B;True
Otsuki_Eiji;M;20;JPN;Est_Asia;42;Papuren;Shito;41,1;Pool_1;MAR;North_Africa;R;True
Ghaly_Karim;M;22;EGY;North_Africa;6;Kanku_Sho;Shotokan;39,1;Pool_1;MAR;North_Africa;B;False
Ghinami_Alessio;M;22;ITA;Europe;9;Kanku_Sho;Shotokan;40,7;Pool_1;MAR;North_Africa;R;True
Kikuchi_Ryonosuke;M;24;JPN;Europe;12;Anan;Shito;38,9;Pool_1;MAR;North_Africa;B;False
Ghaly_Karim;M;22;EGY;North_Africa;6;Gojushiho_Sho;Shotokan;39,1;Pool_2;MAR;North_Africa;R;False
Ghinami_Alessio;M;22;ITA;Europe;9;Gojushiho_Dai;Shotokan;41,5;Pool_2;MAR;North_Africa;B;True
Otsuki_Eiji;M;20;JPN;Est_Asia;42;Suparinpei;Shito;41,2;Pool_2;MAR;North_Africa;R;True
Kikuchi_Ryonosuke;M;24;JPN;Europe;12;Anan_Dai;Shito;38,9;Pool_2;MAR;North_Africa;B;False
Otsuki_Eiji;M;20;JPN;Est_Asia;42;Chatanyara_Kushanku;Shito;41,4;Pool_3;MAR;North_Africa;R;True
Ghinami_Alessio;M;22;ITA;Europe;9;Unsu;Shotokan;41,3;Pool_3;MAR;North_Africa;B;False
Ghaly_Karim;M;22;EGY;North_Africa;6;Gojushiho_Dai;Shotokan;40,2;Pool_3;MAR;North_Africa;R;False
Kikuchi_Ryonosuke;M;24;JPN;Europe;12;Suparinpei;Shito;41,2;Pool_3;MAR;North_Africa;B;True
Ujihara_Yuki;M;23;SUI;Europe;38;Kururunfa;Shito;39,4;Pool_1;MAR;North_Africa;R;False
Almosawi_Sayed_Salman;M;29;KUW;M_O;36;Gojushiho_Sho;Shotokan;40,1;Pool_1;MAR;North_Africa;B;True
Moto_Ryuji;M;26;JPN;Est_Asia;10;Sochin;Shotokan;41,5;Pool_1;MAR;North_Africa;R;True
Torres_Gutierrez_Ariel;M;26;USA;North_Am;2;Anan;Shito;40,7;Pool_1;MAR;North_Africa;B;False
Almosawi_Sayed_Salman;M;29;KUW;M_O;36;Unsu;Shotokan;40,4;Pool_2;MAR;North_Africa;R;False
Moto_Ryuji;M;26;JPN;Est_Asia;10;Gojushiho_Sho;Shotokan;41,3;Pool_2;MAR;North_Africa;B;True
Ujihara_Yuki;M;23;SUI;Europe;38;Suparinpei;Shito;39,4;Pool_2;MAR;North_Africa;R;False
Torres_Gutierrez_Ariel;M;26;USA;North_Am;2;Ohan;Shito;40,1;Pool_2;MAR;North_Africa;B;True
Ujihara_Yuki;M;23;SUI;Europe;38;Papuren;Shito;39,6;Pool_3;MAR;North_Africa;R;False
Moto_Ryuji;M;26;JPN;Est_Asia;10;Enpi;Shotokan;41,1;Pool_3;MAR;North_Africa;B;True
Almosawi_Sayed_Salman;M;29;KUW;M_O;36;Kanku_Sho;Shotokan;40,1;Pool_3;MAR;North_Africa;R;False
Torres_Gutierrez_Ariel;M;26;USA;North_Am;2;Kururunfa;Shito;41,1;Pool_3;MAR;North_Africa;B;True
Hung_Ho_Wai_Howard;M;31;HKG;Est_Asia;21;Ohan_Dai;Shito;39,9;Pool_1;MAR;North_Africa;R;False
Grazia_Manuel;M;21;ITA;Europe;53;Ohan_Dai;Shito;40,1;Pool_1;MAR;North_Africa;B;True
Tozaki_Taishi;M;24;USA;North_Am;41;Anan_Dai;Shito;41,3;Pool_1;MAR;North_Africa;R;False
Machida_Yasuhiro;M;25;JPN;Est_Asia;14;Chatanyara_Kushanku;Shito;42,3;Pool_1;MAR;North_Africa;B;True
Grazia_Manuel;M;21;ITA;Europe;53;Anan_Dai;Shito;40,3;Pool_2;MAR;North_Africa;R;False
Tozaki_Taishi;M;24;USA;North_Am;41;Ohan_Dai;Shito;41,2;Pool_2;MAR;North_Africa;B;True
Hung_Ho_Wai_Howard;M;31;HKG;Est_Asia;21;Suparinpei;Shito;40,7;Pool_2;MAR;North_Africa;R;False
Machida_Yasuhiro;M;25;JPN;Est_Asia;14;Suparinpei;Shito;42,6;Pool_2;MAR;North_Africa;B;True
Hung_Ho_Wai_Howard;M;31;HKG;Est_Asia;21;Ohan;Shito;39,6;Pool_3;MAR;North_Africa;R;False
Tozaki_Taishi;M;24;USA;North_Am;41;Anan;Shito;41,4;Pool_3;MAR;North_Africa;B;True
Grazia_Manuel;M;21;ITA;Europe;53;Ohan;Shito;40,1;Pool_3;MAR;North_Africa;R;False
Machida_Yasuhiro;M;25;JPN;Est_Asia;14;Anan_Dai;Shito;41,9;Pool_3;MAR;North_Africa;B;True
Almosawi_Sayed_Mohammed;M;29;KUW;M_O;25;Gojushiho_Sho;Shotokan;39,6;Pool_1;MAR;North_Africa;R;False
Tozaki_Gakuji;M;32;USA;North_Am;27;Anan;Shito;41,3;Pool_1;MAR;North_Africa;B;True
Abu_Wahib_Jonas;M;16;GER;Europe;13;Gojushiho_Dai;Shotokan;40,1;Pool_1;MAR;North_Africa;R;False
Moto_Kazumasa;M;28;JPN;Est_Asia;4;Sochin;Shotokan;41,7;Pool_1;MAR;North_Africa;B;True
Tozaki_Gakuji;M;32;USA;North_Am;27;Suparinpei;Shito;42;Pool_2;MAR;North_Africa;R;True
Abu_Wahib_Jonas;M;16;GER;Europe;13;Unsu;Shotokan;39,9;Pool_2;MAR;North_Africa;B;False
Almosawi_Sayed_Mohammed;M;29;KUW;M_O;25;Unsu;Shotokan;40,7;Pool_2;MAR;North_Africa;R;False
Moto_Kazumasa;M;28;JPN;Est_Asia;4;Gojushiho_Dai;Shotokan;42,1;Pool_2;MAR;North_Africa;B;True
Almosawi_Sayed_Mohammed;M;29;KUW;M_O;25;Kanku_Sho;Shotokan;40,3;Pool_3;MAR;North_Africa;R;True
Abu_Wahib_Jonas;M;16;GER;Europe;13;Kanku_Sho;Shotokan;39,9;Pool_3;MAR;North_Africa;B;False
Tozaki_Gakuji;M;32;USA;North_Am;27;Ohan_Dai;Shito;41,5;Pool_3;MAR;North_Africa;R;False
Moto_Kazumasa;M;28;JPN;Est_Asia;4;Gojushiho_Sho;Shotokan;42,3;Pool_3;MAR;North_Africa;B;True
El_Mansoury_Salah_Eddine;M;20;MAR;North_Africa;63;Kanku_Sho;Shotokan;39,2;Pool_1;MAR;North_Africa;R;False
Ozdemir_Enes;M;22;TUR;Europe;17;Gojushiho_Sho;Shotokan;42,2;Pool_1;MAR;North_Africa;B;True
Funada_Aoi;M;22;JPN;Est_Asia;11;Unshu;Shito;41,6;Pool_1;MAR;North_Africa;R;True
Gallo_Gianluca;M;27;ITA;Europe;57;Unsu;Shotokan;39,9;Pool_1;MAR;North_Africa;B;False
Ozdemir_Enes;M;22;TUR;Europe;17;Unsu;Shotokan;42;Pool_2;MAR;North_Africa;R;True
Funada_Aoi;M;22;JPN;Est_Asia;11;Chatanyara_Kushanku;Shito;41,6;Pool_2;MAR;North_Africa;B;False
El_Mansoury_Salah_Eddine;M;20;MAR;North_Africa;63;Gojushiho_Sho;Shotokan;39,9;Pool_2;MAR;North_Africa;R;False
Gallo_Gianluca;M;27;ITA;Europe;57;Gojushiho_Sho;Shotokan;41,3;Pool_2;MAR;North_Africa;B;True
El_Mansoury_Salah_Eddine;M;20;MAR;North_Africa;63;Unsu;Shotokan;39,7;Pool_3;MAR;North_Africa;R;False
Funada_Aoi;M;22;JPN;Est_Asia;11;Suparinpei;Shito;41,9;Pool_3;MAR;North_Africa;B;True
Ozdemir_Enes;M;22;TUR;Europe;17;Kanku_Sho;Shotokan;42,1;Pool_3;MAR;North_Africa;R;True
Gallo_Gianluca;M;27;ITA;Europe;57;Gojushiho_Dai;Shotokan;40,2;Pool_3;MAR;North_Africa;B;False
Ngoan_Franck;M;24;FRA;Europe;35;Gojushiho_Sho;Shotokan;39,5;Pool_1;MAR;North_Africa;R;False
Chinen_Rey;M;24;USA;North_Am;18;Suparinpei;Shito;41,7;Pool_1;MAR;North_Africa;B;True
Iodice_Alessandro;M;31;ITA;Europe;24;Kanku_Sho;Shotokan;40,7;Pool_1;MAR;North_Africa;R;False
Nishiyama_Kakeru;M;28;JPN;Est_Asia;1;Seisan;Shito;42,4;Pool_1;MAR;North_Africa;B;True
Chinen_Rey;M;24;USA;North_Am;18;Chatanyara_Kushanku;Shito;41,9;Pool_2;MAR;North_Africa;R;True
Iodice_Alessandro;M;31;ITA;Europe;24;Unsu;Shotokan;40,9;Pool_2;MAR;North_Africa;B;False
Ngoan_Franck;M;24;FRA;Europe;35;Sochin;Shotokan;40,1;Pool_2;MAR;North_Africa;R;False
Nishiyama_Kakeru;M;28;JPN;Est_Asia;1;Kururunfa;Shito;41,9;Pool_2;MAR;North_Africa;B;True
Ngoan_Franck;M;24;FRA;Europe;35;Unsu;Shotokan;40,3;Pool_3;MAR;North_Africa;R;False
Iodice_Alessandro;M;31;ITA;Europe;24;Gojushiho_Sho;Shotokan;41,4;Pool_3;MAR;North_Africa;B;True
Chinen_Rey;M;24;USA;North_Am;18;Papuren;Shito;41,7;Pool_3;MAR;North_Africa;R;False
Nishiyama_Kakeru;M;28;JPN;Est_Asia;1;Shisochin;Shito;42,9;Pool_3;MAR;North_Africa;B;True
Abe_Sakichi;M;21;JPN;Est_Asia;8;Ohan_Dai;Shito;42,8;R1;MAR;North_Africa;R;True
Ikeda_Ryusei;M;25;JPN;Est_Asia;7;Anan_Dai;Shito;41,3;R1;MAR;North_Africa;B;False
Otsuki_Eiji;M;20;JPN;Est_Asia;42;Chibana_No_Kushanku;Shito;40,3;R1;MAR;North_Africa;R;False
Moto_Ryuji;M;26;JPN;Est_Asia;10;Jitte;Shotokan;42,4;R1;MAR;North_Africa;B;True
Machida_Yasuhiro;M;25;JPN;Est_Asia;14;Papuren;Shito;43;R1;MAR;North_Africa;R;False
Moto_Kazumasa;M;28;JPN;Est_Asia;4;Unsu;Shotokan;43,7;R1;MAR;North_Africa;B;True
Ozdemir_Enes;M;22;TUR;Europe;17;Gankaku;Shotokan;41,7;R1;MAR;North_Africa;R;False
Nishiyama_Kakeru;M;28;JPN;Est_Asia;1;Papuren;Shito;43,6;R1;MAR;North_Africa;B;True
Abe_Sakichi;M;21;JPN;Est_Asia;8;Anan_Dai;Shito;42,3;R2;MAR;North_Africa;R;False
Moto_Ryuji;M;26;JPN;Est_Asia;10;Unsu;Shotokan;43;R2;MAR;North_Africa;B;True
Moto_Kazumasa;M;28;JPN;Est_Asia;4;Gankaku;Shotokan;43,4;R2;MAR;North_Africa;R;False
Nishiyama_Kakeru;M;28;JPN;Est_Asia;1;Suparinpei;Shito;44,9;R2;MAR;North_Africa;B;True
Otsuki_Eiji;M;20;JPN;Est_Asia;42;Anan;Shito;42,2;Bronze;MAR;North_Africa;R;False
Abe_Sakichi;M;21;JPN;Est_Asia;8;Ohan_Dai;Shito;44,2;Bronze;MAR;North_Africa;B;True
Ozdemir_Enes;M;22;TUR;Europe;17;Gojushiho_Dai;Shotokan;43,4;Bronze;MAR;North_Africa;R;False
Moto_Kazumasa;M;28;JPN;Est_Asia;4;Gojushiho_Sho;Shotokan;43,6;Bronze;MAR;North_Africa;B;True
Moto_Ryuji;M;26;JPN;Est_Asia;10;Sochin;Shotokan;43,3;Final;MAR;North_Africa;R;False
Nishiyama_Kakeru;M;28;JPN;Est_Asia;1;Chibana_No_Kushanku;Shito;45,6;Final;MAR;North_Africa;B;True
